date,close,dd_ath,rv20,sma150,A_基础版_target,B_回撤加仓版_target
2017-08-17,4285.08,0.0,,,,
2017-08-18,4108.37,-0.0412,,,,
2017-08-19,4139.98,-0.0339,,,,
2017-08-20,4086.29,-0.0464,,,,
2017-08-21,4016.0,-0.0628,,,,
2017-08-22,4040.0,-0.0572,,,,
2017-08-23,4114.01,-0.0399,,,,
2017-08-24,4316.01,0.0,,,,
2017-08-25,4280.68,-0.0082,,,,
2017-08-26,4337.44,0.0,,,,
2017-08-27,4310.01,-0.0063,,,,
2017-08-28,4386.69,0.0,,,,
2017-08-29,4587.48,0.0,,,,
2017-08-30,4555.14,-0.007,,,,
2017-08-31,4724.89,0.0,,,,
2017-09-01,4834.91,0.0,,,,
2017-09-02,4472.14,-0.075,,,,
2017-09-03,4509.08,-0.0674,,,,
2017-09-04,4100.11,-0.152,,,,
2017-09-05,4366.47,-0.0969,,,,
2017-09-06,4619.77,-0.0445,0.7783,,0.0,0.0
2017-09-07,4691.61,-0.0296,0.7515,,0.0,0.0
2017-09-08,4282.8,-0.1142,0.8597,,0.0,0.1
2017-09-09,4258.81,-0.1192,0.8578,,0.0,0.1
2017-09-10,4130.37,-0.1457,0.8654,,0.0,0.1
2017-09-11,4208.47,-0.1296,0.8685,,0.0,0.1
2017-09-12,4163.72,-0.1388,0.8669,,0.0,0.1
2017-09-13,3944.69,-0.1841,0.8694,,0.0,0.1
2017-09-14,3189.02,-0.3404,1.2441,,0.0,0.3
2017-09-15,3700.0,-0.2347,1.424,,0.0,0.2
2017-09-16,3714.95,-0.2316,1.4249,,0.0,0.2
2017-09-17,3699.99,-0.2347,1.4206,,0.0,0.2
2017-09-18,4035.01,-0.1654,1.4615,,0.0,0.1
2017-09-19,3910.04,-0.1913,1.4654,,0.0,0.1
2017-09-20,3900.0,-0.1934,1.4522,,0.0,0.1
2017-09-21,3609.99,-0.2533,1.472,,0.0,0.2
2017-09-22,3595.87,-0.2563,1.4445,,0.0,0.2
2017-09-23,3780.0,-0.2182,1.4659,,0.0,0.2
2017-09-24,3660.02,-0.243,1.4187,,0.0,0.2
2017-09-25,3920.75,-0.1891,1.4244,,0.0,0.1
2017-09-26,3882.35,-0.197,1.397,,0.0,0.1
2017-09-27,4193.0,-0.1328,1.4415,,0.0,0.1
2017-09-28,4174.5,-0.1366,1.3893,,0.0,0.1
2017-09-29,4174.69,-0.1366,1.3892,,0.0,0.1
2017-09-30,4378.51,-0.0944,1.3973,,0.0,0.0
2017-10-01,4378.48,-0.0944,1.3955,,0.0,0.0
2017-10-02,4380.0,-0.0941,1.3944,,0.0,0.0
2017-10-03,4310.0,-0.1086,1.3741,,0.0,0.1
2017-10-04,4208.59,-0.1295,0.9818,,0.0,0.1
2017-10-05,4292.43,-0.1122,0.7745,,0.0,0.1
2017-10-06,4369.0,-0.0964,0.7755,,0.0,0.0
2017-10-07,4423.0,-0.0852,0.7738,,0.0,0.0
2017-10-08,4640.0,-0.0403,0.7144,,0.0,0.0
2017-10-09,4786.95,-0.0099,0.6996,,0.0,0.0
2017-10-10,4783.06,-0.0107,0.699,,0.0,0.0
2017-10-11,4821.43,-0.0028,0.5785,,0.0,0.0
2017-10-12,5430.0,0.0,0.7233,,0.0,0.0
2017-10-13,5649.98,0.0,0.7166,,0.0,0.0
2017-10-14,5869.99,0.0,0.68,,0.0,0.0
2017-10-15,5709.99,-0.0273,0.6817,,0.0,0.0
2017-10-16,5760.02,-0.0187,0.6712,,0.0,0.0
2017-10-17,5595.0,-0.0468,0.65,,0.0,0.0
2017-10-18,5512.06,-0.061,0.6574,,0.0,0.0
2017-10-19,5683.9,-0.0317,0.658,,0.0,0.0
2017-10-20,6010.01,0.0,0.6665,,0.0,0.0
2017-10-21,6024.97,0.0,0.6654,,0.0,0.0
2017-10-22,5950.02,-0.0124,0.6735,,0.0,0.0
2017-10-23,5915.93,-0.0181,0.6656,,0.0,0.0
2017-10-24,5477.03,-0.0909,0.7589,,0.0,0.0
2017-10-25,5689.99,-0.0556,0.766,,0.0,0.0
2017-10-26,5861.77,-0.0271,0.7688,,0.0,0.0
2017-10-27,5768.83,-0.0425,0.7799,,0.0,0.0
2017-10-28,5719.64,-0.0507,0.769,,0.0,0.0
2017-10-29,6169.98,0.0,0.8144,,0.0,0.0
2017-10-30,6120.5,-0.008,0.8173,,0.0,0.0
2017-10-31,6463.0,0.0,0.8364,,0.0,0.0
2017-11-01,6753.98,0.0,0.7086,,0.0,0.0
2017-11-02,7019.98,0.0,0.7078,,0.0,0.0
2017-11-03,7115.04,0.0,0.6972,,0.0,0.0
2017-11-04,7357.09,0.0,0.6832,,0.0,0.0
2017-11-05,7345.01,-0.0016,0.6858,,0.0,0.0
2017-11-06,6960.12,-0.054,0.7216,,0.0,0.0
2017-11-07,7064.04,-0.0398,0.7123,,0.0,0.0
2017-11-08,7303.0,-0.0074,0.7136,,0.0,0.0
2017-11-09,7079.99,-0.0377,0.7089,,0.0,0.0
2017-11-10,6506.98,-0.1155,0.812,,0.0,0.1
2017-11-11,6245.05,-0.1512,0.832,,0.0,0.1
2017-11-12,5811.03,-0.2101,0.8906,,0.0,0.2
2017-11-13,6465.99,-0.1211,0.9338,,0.0,0.1
2017-11-14,6574.99,-0.1063,0.9251,,0.0,0.1
2017-11-15,7240.06,-0.0159,0.9972,,0.0,0.0
2017-11-16,7864.5,0.0,1.0351,,0.0,0.0
2017-11-17,7699.19,-0.021,1.0422,,0.0,0.0
2017-11-18,7761.94,-0.013,1.0057,,0.0,0.0
2017-11-19,8038.0,0.0,1.0064,,0.0,0.0
2017-11-20,8212.0,0.0,0.9904,,0.0,0.0
2017-11-21,8119.51,-0.0113,0.9842,,0.0,0.0
2017-11-22,8205.92,-0.0007,0.9754,,0.0,0.0
2017-11-23,8019.99,-0.0234,0.9837,,0.0,0.0
2017-11-24,8138.0,-0.009,0.9768,,0.0,0.0
2017-11-25,8700.01,0.0,1.011,,0.0,0.0
2017-11-26,9128.02,0.0,0.9837,,0.0,0.0
2017-11-27,9650.0,0.0,1.0,,0.0,0.0
2017-11-28,9896.8,0.0,0.9978,,0.0,0.0
2017-11-29,9687.88,-0.0211,0.99,,0.0,0.0
2017-11-30,9838.96,-0.0058,0.8822,,0.0,0.0
2017-12-01,10782.99,0.0,0.8858,,0.0,0.0
2017-12-02,10890.01,0.0,0.7711,,0.0,0.0
2017-12-03,11165.41,0.0,0.6926,,0.0,0.0
2017-12-04,11579.0,0.0,0.6919,,0.0,0.0
2017-12-05,11699.99,0.0,0.6235,,0.0,0.0
2017-12-06,13550.05,0.0,0.7799,,0.0,0.0
2017-12-07,16599.0,0.0,1.0528,,0.0,0.0
2017-12-08,15880.0,-0.0433,1.1043,,0.0,0.0
2017-12-09,14656.07,-0.1171,1.2104,,0.0,0.1
2017-12-10,14899.98,-0.1024,1.2113,,0.0,0.1
2017-12-11,16587.97,-0.0007,1.2396,,0.0,0.0
2017-12-12,16349.99,-0.015,1.2539,,0.0,0.0
2017-12-13,16033.29,-0.0341,1.251,,0.0,0.0
2017-12-14,16334.98,-0.0159,1.2499,,0.0,0.0
2017-12-15,17539.83,0.0,1.2522,,0.0,0.0
2017-12-16,19102.66,0.0,1.2697,,0.0,0.0
2017-12-17,18860.02,-0.0127,1.2839,,0.0,0.0
2017-12-18,18856.25,-0.0129,1.2916,,0.0,0.0
2017-12-19,17295.2,-0.0946,1.3709,,0.0,0.0
2017-12-20,16488.98,-0.1368,1.409,,0.0,0.1
2017-12-21,15492.64,-0.189,1.4243,,0.0,0.1
2017-12-22,13326.61,-0.3024,1.5967,,0.0,0.3
2017-12-23,13300.0,-0.3038,1.596,,0.0,0.3
2017-12-24,13500.0,-0.2933,1.5915,,0.0,0.2
2017-12-25,13699.34,-0.2829,1.5917,,0.0,0.2
2017-12-26,15689.01,-0.1787,1.5736,,0.0,0.1
2017-12-27,15459.99,-0.1907,1.3057,,0.0,0.1
2017-12-28,14182.11,-0.2576,1.3426,,0.0,0.2
2017-12-29,14378.9,-0.2473,1.3018,,0.0,0.2
2017-12-30,12440.01,-0.3488,1.4358,,0.0,0.3
2017-12-31,13716.36,-0.282,1.4213,,0.0,0.2
2018-01-01,13380.0,-0.2996,1.4227,,0.0,0.2
2018-01-02,14675.11,-0.2318,1.4872,,0.0,0.2
2018-01-03,14919.51,-0.219,1.4866,,0.0,0.2
2018-01-04,15059.54,-0.2117,1.4491,,0.0,0.2
2018-01-05,16960.39,-0.1121,1.4967,,0.0,0.1
2018-01-06,17069.79,-0.1064,1.4973,,0.0,0.1
2018-01-07,16150.03,-0.1546,1.5124,,0.0,0.1
2018-01-08,14902.54,-0.2199,1.5066,,0.0,0.2
2018-01-09,14400.0,-0.2462,1.5008,,0.0,0.2
2018-01-10,14907.09,-0.2196,1.4889,,0.0,0.2
2018-01-11,13238.78,-0.307,1.4329,,0.0,0.3
2018-01-12,13740.01,-0.2807,1.4417,,0.0,0.2
2018-01-13,14210.0,-0.2561,1.4473,8252.7851,0.691,0.891
2018-01-14,13474.99,-0.2946,1.4652,8314.0511,0.6825,0.8825
2018-01-15,13539.93,-0.2912,1.3317,8376.9282,0.7509,0.9509
2018-01-16,10900.0,-0.4294,1.6051,8421.995,0.623,1.0
2018-01-17,10988.79,-0.4248,1.5778,8468.0117,0.6338,1.0
2018-01-18,10961.97,-0.4262,1.5741,8514.3181,0.6353,1.0
2018-01-19,11474.98,-0.3993,1.4763,8563.8847,0.6774,0.9774
2018-01-20,12799.94,-0.3299,1.4924,8621.7909,0.6701,0.9701
2018-01-21,11530.0,-0.3964,1.5519,8669.8841,0.6444,0.9444
2018-01-22,10760.05,-0.4367,1.505,8713.0799,0.6645,1.0
2018-01-23,10799.18,-0.4347,1.5007,8756.1582,0.6664,1.0
2018-01-24,11349.99,-0.4058,1.5236,8803.0914,0.6563,1.0
2018-01-25,11175.27,-0.415,1.4015,8848.3486,0.7135,1.0
2018-01-26,11089.0,-0.4195,1.3975,8891.6921,0.7155,1.0
2018-01-27,11491.0,-0.3985,1.4092,8937.9311,0.7096,1.0
2018-01-28,11879.95,-0.3781,1.3946,8985.6315,0.717,1.0
2018-01-29,11251.0,-0.411,1.4036,9028.4055,0.7124,1.0
2018-01-30,10237.51,-0.4641,1.4287,9066.8413,0.6999,1.0
2018-01-31,10285.1,-0.4616,1.3584,9105.3481,0.7361,1.0
2018-02-01,9224.52,-0.5171,1.3983,9139.5108,0.7152,1.0
2018-02-02,8873.03,-0.5355,1.3791,9169.5545,0.7251,0.4
2018-02-03,9199.96,-0.5184,1.395,9200.0891,0.7169,0.4
2018-02-04,8184.81,-0.5715,1.4507,9223.3771,0.0,0.4
2018-02-05,6939.99,-0.6367,1.331,9241.0917,0.0,0.4
2018-02-06,7652.14,-0.5994,1.4225,9263.7139,0.0,0.4
2018-02-07,7599.0,-0.6022,1.4217,9286.8381,0.0,0.4
2018-02-08,7784.02,-0.5925,1.4058,9310.6751,0.0,0.4
2018-02-09,8683.92,-0.5454,1.4061,9340.8098,0.0,0.4
2018-02-10,8533.98,-0.5533,1.353,9371.4051,0.0,0.4
2018-02-11,8063.88,-0.5779,1.3445,9403.9041,0.0,0.4
2018-02-12,8903.0,-0.5339,1.4282,9438.5908,0.0,0.4
2018-02-13,8539.9,-0.5529,1.4084,9470.7571,0.0,0.4
2018-02-14,9449.99,-0.5053,1.4922,9509.0905,0.0,0.4
2018-02-15,10000.09,-0.4765,1.5178,9548.8577,0.0,1.0
2018-02-16,10159.98,-0.4681,1.51,9590.5239,0.6623,1.0
2018-02-17,11039.55,-0.4221,1.5494,9638.1209,0.6454,1.0
2018-02-18,10383.43,-0.4564,1.554,9683.2772,0.6435,1.0
2018-02-19,11153.0,-0.4162,1.53,9733.6581,0.6536,1.0
2018-02-20,11200.99,-0.4136,1.53,9783.1313,0.6536,1.0
2018-02-21,10437.6,-0.4536,1.4837,9828.3152,0.674,1.0
2018-02-22,9811.04,-0.4864,1.5004,9867.5838,0.6665,1.0
2018-02-23,10131.04,-0.4697,1.4988,9909.2417,0.6672,1.0
2018-02-24,9694.51,-0.4925,1.4151,9945.9185,0.7067,1.0
2018-02-25,9590.0,-0.498,1.187,9982.0218,0.8425,0.4
2018-02-26,10324.0,-0.4596,1.1595,10023.0172,0.8624,1.0
2018-02-27,10569.04,-0.4467,1.1557,10064.2874,0.8653,1.0
2018-02-28,10326.76,-0.4594,1.1674,10103.9426,0.8566,1.0
2018-03-01,10920.0,-0.4284,1.1041,10147.5426,0.9057,1.0
2018-03-02,11039.0,-0.4221,1.0965,10192.4026,0.912,1.0
2018-03-03,11464.48,-0.3998,1.0549,10240.7752,0.948,1.0
2018-03-04,11515.0,-0.3972,0.9901,10288.9257,1.0,1.0
2018-03-05,11454.0,-0.4004,0.9635,10336.159,1.0,1.0
2018-03-06,10716.48,-0.439,0.9402,10378.1155,1.0,1.0
2018-03-07,9910.0,-0.4812,0.9773,10413.2489,1.0,0.4
2018-03-08,9271.64,-0.5146,1.0137,10443.1468,0.0,0.4
2018-03-09,9227.0,-0.517,0.9342,10472.7731,0.0,0.4
2018-03-10,8770.22,-0.5409,0.9239,10499.0983,0.0,0.4
2018-03-11,9533.57,-0.5009,0.945,10526.4555,0.0,0.4
2018-03-12,9131.34,-0.522,0.9549,10549.6645,0.0,0.4
2018-03-13,9150.0,-0.521,0.9163,10571.5313,0.0,0.4
2018-03-14,8170.0,-0.5723,0.9985,10587.9313,0.0,0.4
2018-03-15,8240.98,-0.5686,0.9848,10604.4711,0.0,0.4
2018-03-16,8260.0,-0.5676,0.9742,10622.2377,0.0,0.4
2018-03-17,7824.8,-0.5904,0.994,10637.656,0.0,0.4
2018-03-18,8189.99,-0.5713,0.9548,10654.3633,0.0,0.4
2018-03-19,8600.0,-0.5498,0.9786,10671.6299,0.0,0.4
2018-03-20,8909.98,-0.5336,0.9957,10690.8633,0.0,0.4
2018-03-21,8885.0,-0.5349,0.9548,10710.4298,0.0,0.4
2018-03-22,8722.9,-0.5434,0.9505,10729.1429,0.0,0.4
2018-03-23,8898.03,-0.5342,0.9355,10751.9496,0.0,0.4
2018-03-24,8546.86,-0.5526,0.9393,10770.9954,0.0,0.4
2018-03-25,8470.15,-0.5566,0.9387,10788.3846,0.0,0.4
2018-03-26,8134.23,-0.5742,0.9176,10804.1539,0.0,0.4
2018-03-27,7795.51,-0.5919,0.8814,10817.9931,0.0,0.4
2018-03-28,7949.3,-0.5839,0.8553,10829.8552,0.0,0.4
2018-03-29,7090.14,-0.6288,0.9688,10836.3195,0.0,0.4
2018-03-30,6840.23,-0.6419,0.9597,10838.8343,0.0,0.4
2018-03-31,6923.91,-0.6375,0.8667,10839.9672,0.0,0.4
2018-04-01,6813.01,-0.6433,0.8581,10838.5874,0.0,0.4
2018-04-02,7056.0,-0.6306,0.8817,10838.1938,0.0,0.4
2018-04-03,7405.21,-0.6123,0.7945,10838.5146,0.0,0.4
2018-04-04,6796.1,-0.6442,0.8631,10834.8552,0.0,0.4
2018-04-05,6770.76,-0.6456,0.8619,10833.5928,0.0,0.4
2018-04-06,6601.39,-0.6544,0.8421,10830.5085,0.0,0.4
2018-04-07,6895.8,-0.639,0.8397,10827.7938,0.0,0.4
2018-04-08,7018.0,-0.6326,0.8086,10827.3805,0.0,0.4
2018-04-09,6782.72,-0.6449,0.7876,10829.2188,0.0,0.4
2018-04-10,6843.9,-0.6417,0.7923,10833.2111,0.0,0.4
2018-04-11,6953.79,-0.636,0.8014,10840.8295,0.0,0.4
2018-04-12,7923.0,-0.5852,0.9991,10850.5429,0.0,0.4
2018-04-13,7877.41,-0.5876,0.987,10859.2257,0.0,0.4
2018-04-14,7999.01,-0.5813,0.9901,10864.2854,0.0,0.4
2018-04-15,8355.0,-0.5626,0.9939,10867.5554,0.0,0.4
2018-04-16,8064.92,-0.5778,0.9882,10869.9936,0.0,0.4
2018-04-17,7885.02,-0.5872,0.99,10870.8141,0.0,0.4
2018-04-18,8173.0,-0.5722,0.8568,10871.7141,0.0,0.4
2018-04-19,8278.0,-0.5667,0.8348,10872.1541,0.0,0.4
2018-04-20,8856.98,-0.5363,0.871,10877.0706,0.0,0.4
2018-04-21,8915.31,-0.5333,0.8621,10881.7999,0.0,0.4
2018-04-22,8787.02,-0.54,0.8642,10886.9134,0.0,0.4
2018-04-23,8934.01,-0.5323,0.8484,10892.2201,0.0,0.4
2018-04-24,9619.99,-0.4964,0.7754,10898.3533,0.0,0.4
2018-04-25,8869.99,-0.5357,0.8795,10896.6331,0.0,0.4
2018-04-26,9266.0,-0.5149,0.8703,10894.0731,0.0,0.4
2018-04-27,8915.35,-0.5333,0.8924,10887.5301,0.0,0.4
2018-04-28,9348.0,-0.5106,0.9045,10885.2643,0.0,0.4
2018-04-29,9419.0,-0.5069,0.8788,10882.4645,0.0,0.4
2018-04-30,9246.01,-0.516,0.891,10872.218,0.0,0.4
2018-05-01,9071.48,-0.5251,0.9028,10860.0945,0.0,0.4
2018-05-02,9247.84,-0.5159,0.7349,10847.3107,0.0,0.4
2018-05-03,9750.0,-0.4896,0.7566,10835.1173,0.0,0.4
2018-05-04,9713.99,-0.4915,0.7587,10821.8773,0.0,0.4
2018-05-05,9864.0,-0.4836,0.7439,10797.3037,0.0,0.4
2018-05-06,9659.01,-0.4944,0.7302,10751.0371,0.0,0.4
2018-05-07,9365.0,-0.5098,0.738,10707.6037,0.0,0.4
2018-05-08,9187.56,-0.519,0.7363,10671.147,0.0,0.4
2018-05-09,9310.0,-0.5126,0.7364,10633.8805,0.0,0.4
2018-05-10,9002.2,-0.5287,0.6994,10583.3087,0.0,0.4
2018-05-11,8400.0,-0.5603,0.7598,10530.3087,0.0,0.4
2018-05-12,8465.94,-0.5568,0.7593,10479.8597,0.0,0.4
2018-05-13,8679.71,-0.5456,0.764,10428.8246,0.0,0.4
2018-05-14,8663.34,-0.5465,0.6848,10369.648,0.0,0.4
2018-05-15,8462.0,-0.557,0.6011,10298.7103,0.0,0.4
2018-05-16,8330.0,-0.5639,0.5663,10228.5101,0.0,0.4
2018-05-17,8041.46,-0.579,0.5627,10156.4115,0.0,0.4
2018-05-18,8239.81,-0.5687,0.529,10096.0423,0.0,0.4
2018-05-19,8233.49,-0.569,0.526,10041.0057,0.0,0.4
2018-05-20,8526.98,-0.5536,0.552,9994.5679,0.0,0.4
2018-05-21,8381.24,-0.5613,0.5511,9961.5988,0.0,0.4
2018-05-22,7977.11,-0.5824,0.5732,9926.1129,0.0,0.4
2018-05-23,7501.95,-0.6073,0.5498,9886.1259,0.0,0.4
2018-05-24,7575.01,-0.6035,0.5572,9845.297,0.0,0.4
2018-05-25,7457.0,-0.6096,0.5431,9790.4169,0.0,0.4
2018-05-26,7333.96,-0.6161,0.5423,9736.2434,0.0,0.4
2018-05-27,7338.99,-0.6158,0.5399,9690.6226,0.0,0.4
2018-05-28,7099.0,-0.6284,0.5467,9642.0899,0.0,0.4
2018-05-29,7461.29,-0.6094,0.5999,9608.8985,0.0,0.4
2018-05-30,7375.96,-0.6139,0.5914,9566.6291,0.0,0.4
2018-05-31,7485.01,-0.6082,0.5358,9527.3292,0.0,0.4
2018-06-01,7521.01,-0.6063,0.5345,9479.6352,0.0,0.4
2018-06-02,7640.03,-0.6001,0.5256,9431.1053,0.0,0.4
2018-06-03,7714.26,-0.5962,0.5298,9382.1368,0.0,0.4
2018-06-04,7487.0,-0.6081,0.5346,9318.9809,0.0,0.4
2018-06-05,7625.0,-0.6008,0.5426,9256.0156,0.0,0.4
2018-06-06,7658.84,-0.5991,0.5254,9199.4077,0.0,0.4
2018-06-07,7691.08,-0.5974,0.5126,9151.3313,0.0,0.4
2018-06-08,7603.44,-0.602,0.5136,9106.0209,0.0,0.4
2018-06-09,7491.73,-0.6078,0.4841,9056.5851,0.0,0.4
2018-06-10,6764.99,-0.6459,0.633,9013.4265,0.0,0.4
2018-06-11,6872.0,-0.6403,0.6174,8967.6398,0.0,0.4
2018-06-12,6530.0,-0.6582,0.6014,8916.4398,0.0,0.4
2018-06-13,6292.78,-0.6706,0.6096,8868.5584,0.0,0.4
2018-06-14,6635.98,-0.6526,0.6641,8822.5321,0.0,0.4
2018-06-15,6388.9,-0.6655,0.6769,8792.4581,0.0,0.4
2018-06-16,6483.98,-0.6606,0.6826,8762.426,0.0,0.4
2018-06-17,6449.61,-0.6624,0.6717,8732.3436,0.0,0.4
2018-06-18,6712.46,-0.6486,0.6575,8700.5935,0.0,0.4
2018-06-19,6741.21,-0.6471,0.6581,8660.2019,0.0,0.4
2018-06-20,6761.51,-0.646,0.6534,8628.412,0.0,0.4
2018-06-21,6718.84,-0.6483,0.6519,8601.4706,0.0,0.4
2018-06-22,6045.0,-0.6836,0.7709,8569.7761,0.0,0.4
2018-06-23,6149.98,-0.6781,0.7756,8535.1093,0.0,0.4
2018-06-24,6136.97,-0.6787,0.7719,8501.5207,0.0,0.4
2018-06-25,6252.0,-0.6727,0.7721,8469.274,0.0,0.4
2018-06-26,6070.78,-0.6822,0.7736,8433.1392,0.0,0.4
2018-06-27,6133.73,-0.6789,0.7764,8394.8311,0.0,0.4
2018-06-28,5853.98,-0.6936,0.791,8358.8509,0.0,0.4
2018-06-29,6197.92,-0.6755,0.8457,8331.9203,0.0,0.4
2018-06-30,6390.07,-0.6655,0.7513,8305.9535,0.0,0.4
2018-07-01,6356.81,-0.6672,0.7467,8286.8354,0.0,0.4
2018-07-02,6615.29,-0.6537,0.7374,8271.7838,0.0,0.4
2018-07-03,6513.86,-0.659,0.7218,8253.8765,0.0,0.4
2018-07-04,6586.98,-0.6552,0.6858,8243.2243,0.0,0.4
2018-07-05,6529.2,-0.6582,0.6662,8240.4857,0.0,0.4
2018-07-06,6609.78,-0.654,0.6653,8233.5366,0.0,0.4
2018-07-07,6756.98,-0.6463,0.6705,8227.9231,0.0,0.4
2018-07-08,6712.1,-0.6486,0.6495,8220.777,0.0,0.4
2018-07-09,6662.12,-0.6512,0.65,8207.2983,0.0,0.4
2018-07-10,6296.91,-0.6704,0.6918,8192.3845,0.0,0.4
2018-07-11,6378.07,-0.6661,0.6952,8181.1458,0.0,0.4
2018-07-12,6250.57,-0.6728,0.5273,8163.4629,0.0,0.4
2018-07-13,6214.57,-0.6747,0.5234,8147.9607,0.0,0.4
2018-07-14,6251.99,-0.6727,0.5238,8126.6407,0.0,0.4
2018-07-15,6353.01,-0.6674,0.5223,8102.3269,0.0,0.4
2018-07-16,6723.35,-0.648,0.555,8079.416,0.0,0.4
2018-07-17,7317.44,-0.6169,0.651,8054.6019,0.0,0.4
2018-07-18,7381.9,-0.6136,0.6014,8034.5917,0.0,0.4
2018-07-19,7466.21,-0.6092,0.5656,8010.0131,0.0,0.4
2018-07-20,7337.53,-0.6159,0.5681,7984.2567,0.0,0.4
2018-07-21,7398.78,-0.6127,0.5655,7963.9979,0.0,0.4
2018-07-22,7394.79,-0.6129,0.5473,7947.8896,0.0,0.4
2018-07-23,7721.01,-0.5958,0.5611,7931.8227,0.0,0.4
2018-07-24,8397.24,-0.5604,0.6473,7923.1743,1.0,1.0
2018-07-25,8175.64,-0.572,0.6628,7913.7452,1.0,1.0
2018-07-26,7920.0,-0.5854,0.6877,7897.7185,1.0,1.0
2018-07-27,8188.57,-0.5713,0.6935,7881.8487,1.0,1.0
2018-07-28,8225.04,-0.5694,0.6901,7867.8373,1.0,1.0
2018-07-29,8211.0,-0.5702,0.6877,7849.7773,1.0,1.0
2018-07-30,8173.92,-0.5721,0.6236,7830.6767,1.0,1.0
2018-07-31,7730.93,-0.5953,0.6894,7805.7864,1.0,1.0
2018-08-01,7604.58,-0.6019,0.6865,7779.7169,1.0,1.0
2018-08-02,7525.71,-0.606,0.6888,7753.5283,1.0,1.0
2018-08-03,7418.78,-0.6116,0.6962,7731.5437,1.0,0.4
2018-08-04,7009.84,-0.633,0.7486,7712.2093,0.0,0.4
2018-08-05,7024.19,-0.6323,0.7115,7697.2263,0.0,0.4
2018-08-06,6934.82,-0.637,0.6089,7681.9451,0.0,0.4
2018-08-07,6720.06,-0.6482,0.6185,7668.2773,0.0,0.4
2018-08-08,6285.0,-0.671,0.6679,7646.6202,0.0,0.4
2018-08-09,6529.79,-0.6582,0.6955,7629.2765,0.0,0.4
2018-08-10,6144.01,-0.6784,0.7305,7609.2366,0.0,0.4
2018-08-11,6232.35,-0.6737,0.7366,7596.3189,0.0,0.4
2018-08-12,6308.33,-0.6698,0.706,7583.4346,0.0,0.4
2018-08-13,6246.35,-0.673,0.5657,7570.0103,0.0,0.4
2018-08-14,6188.08,-0.6761,0.5635,7559.0988,0.0,0.4
2018-08-15,6267.16,-0.6719,0.5685,7546.2799,0.0,0.4
2018-08-16,6311.75,-0.6696,0.5388,7531.0249,0.0,0.4
2018-08-17,6584.49,-0.6553,0.5847,7515.5217,0.0,0.4
2018-08-18,6387.96,-0.6656,0.5886,7498.8747,0.0,0.4
2018-08-19,6477.53,-0.6609,0.5986,7483.9056,0.0,0.4
2018-08-20,6254.84,-0.6726,0.5754,7466.2843,0.0,0.4
2018-08-21,6480.0,-0.6608,0.607,7452.5053,0.0,0.4
2018-08-22,6360.89,-0.667,0.6086,7438.4435,0.0,0.4
2018-08-23,6525.01,-0.6584,0.6247,7427.7154,0.0,0.4
2018-08-24,6681.64,-0.6502,0.5941,7420.2896,0.0,0.4
2018-08-25,6733.64,-0.6475,0.5954,7412.1852,0.0,0.4
2018-08-26,6700.0,-0.6493,0.5936,7409.5843,0.0,0.4
2018-08-27,6908.64,-0.6383,0.5932,7410.0403,0.0,0.4
2018-08-28,7076.11,-0.6296,0.5138,7411.055,0.0,0.4
2018-08-29,7031.22,-0.6319,0.495,7412.5097,0.0,0.4
2018-08-30,6984.84,-0.6344,0.4051,7412.0353,0.0,0.4
2018-08-31,7011.21,-0.633,0.4036,7409.4087,0.0,0.4
2018-09-01,7200.01,-0.6231,0.4125,7412.1014,0.0,0.4
2018-09-02,7302.01,-0.6177,0.4068,7415.6431,0.0,0.4
2018-09-03,7263.02,-0.6198,0.4039,7420.0539,0.0,0.4
2018-09-04,7359.06,-0.6148,0.404,7423.1423,0.0,0.4
2018-09-05,6700.0,-0.6493,0.5939,7421.0223,0.0,0.4
2018-09-06,6516.01,-0.6589,0.5801,7419.2443,0.0,0.4
2018-09-07,6395.54,-0.6652,0.5707,7416.2552,0.0,0.4
2018-09-08,6185.05,-0.6762,0.5843,7411.1303,0.0,0.4
2018-09-09,6250.81,-0.6728,0.5676,7399.9823,0.0,0.4
2018-09-10,6312.0,-0.6696,0.547,7389.5463,0.0,0.4
2018-09-11,6294.91,-0.6705,0.5416,7378.1856,0.0,0.4
2018-09-12,6338.62,-0.6682,0.5302,7364.7431,0.0,0.4
2018-09-13,6487.38,-0.6604,0.5297,7354.2261,0.0,0.4
2018-09-14,6476.63,-0.661,0.5281,7344.8369,0.0,0.4
2018-09-15,6514.96,-0.659,0.5289,7333.7833,0.0,0.4
2018-09-16,6505.0,-0.6595,0.5089,7321.9633,0.0,0.4
2018-09-17,6248.69,-0.6729,0.5174,7304.5747,0.0,0.4
2018-09-18,6336.45,-0.6683,0.5245,7287.3823,0.0,0.4
2018-09-19,6391.89,-0.6654,0.5278,7271.4147,0.0,0.4
2018-09-20,6492.0,-0.6602,0.5336,7255.1347,0.0,0.4
2018-09-21,6759.02,-0.6462,0.5516,7236.0615,0.0,0.4
2018-09-22,6723.05,-0.6481,0.5462,7221.7486,0.0,0.4
2018-09-23,6708.0,-0.6488,0.5462,7204.6953,0.0,0.4
2018-09-24,6581.39,-0.6555,0.5441,7189.1355,0.0,0.4
2018-09-25,6447.54,-0.6625,0.3816,7169.7991,0.0,0.4
2018-09-26,6465.12,-0.6616,0.3637,7150.1066,0.0,0.4
2018-09-27,6689.13,-0.6498,0.3821,7133.0607,0.0,0.4
2018-09-28,6634.58,-0.6527,0.3506,7116.8147,0.0,0.4
2018-09-29,6596.38,-0.6547,0.3513,7099.1383,0.0,0.4
2018-09-30,6626.57,-0.6531,0.35,7078.3155,0.0,0.4
2018-10-01,6611.61,-0.6539,0.3498,7057.6329,0.0,0.4
2018-10-02,6525.79,-0.6584,0.3553,7035.3782,0.0,0.4
2018-10-03,6510.0,-0.6592,0.3418,7014.3848,0.0,0.4
2018-10-04,6593.79,-0.6548,0.3459,6995.9101,0.0,0.4
2018-10-05,6635.65,-0.6526,0.346,6978.8973,0.0,0.4
2018-10-06,6594.27,-0.6548,0.3472,6960.7925,0.0,0.4
2018-10-07,6615.26,-0.6537,0.2946,6944.8795,0.0,0.4
2018-10-08,6673.01,-0.6507,0.2916,6933.3663,0.0,0.4
2018-10-09,6656.61,-0.6515,0.291,6921.3041,0.0,0.4
2018-10-10,6631.0,-0.6529,0.2854,6907.646,0.0,0.4
2018-10-11,6252.68,-0.6727,0.3334,6891.5749,0.0,0.4
2018-10-12,6298.01,-0.6703,0.3367,6877.1483,0.0,0.4
2018-10-13,6332.93,-0.6685,0.3388,6863.8345,0.0,0.4
2018-10-14,6339.34,-0.6681,0.3311,6852.4871,0.0,0.4
2018-10-15,6752.5,-0.6465,0.4212,6842.5717,0.0,0.4
2018-10-16,6759.27,-0.6462,0.4212,6832.7435,0.0,0.4
2018-10-17,6740.89,-0.6471,0.3964,6820.8363,0.0,0.4
2018-10-18,6618.96,-0.6535,0.4028,6809.0877,0.0,0.4
2018-10-19,6528.88,-0.6582,0.4064,6799.4329,0.0,0.4
2018-10-20,6588.4,-0.6551,0.4079,6793.3425,0.0,0.4
2018-10-21,6590.11,-0.655,0.4078,6786.7765,0.0,0.4
2018-10-22,6581.2,-0.6555,0.4038,6780.9379,0.0,0.4
2018-10-23,6553.51,-0.6569,0.4041,6775.7349,0.0,0.4
2018-10-24,6565.5,-0.6563,0.4003,6770.5783,0.0,0.4
2018-10-25,6528.09,-0.6583,0.3998,6766.7722,0.0,0.4
2018-10-26,6538.63,-0.6577,0.3992,6760.6211,0.0,0.4
2018-10-27,6505.6,-0.6594,0.3993,6754.8187,0.0,0.4
2018-10-28,6489.93,-0.6603,0.397,6748.1849,0.0,0.4
2018-10-29,6344.5,-0.6679,0.4073,6740.3415,0.0,0.4
2018-10-30,6330.87,-0.6686,0.4073,6731.6137,0.0,0.4
2018-10-31,6371.93,-0.6664,0.3195,6722.6649,0.0,0.4
2018-11-01,6410.0,-0.6644,0.3191,6715.4849,0.0,0.4
2018-11-02,6433.98,-0.6632,0.3187,6707.5447,0.0,0.4
2018-11-03,6387.09,-0.6656,0.3205,6699.0664,0.0,0.4
2018-11-04,6485.85,-0.6605,0.1708,6691.0315,0.0,0.4
2018-11-05,6468.99,-0.6614,0.1703,6683.4685,0.0,0.4
2018-11-06,6519.11,-0.6587,0.1754,6676.9844,0.0,0.4
2018-11-07,6578.46,-0.6556,0.1643,6675.7409,0.0,0.4
2018-11-08,6479.84,-0.6608,0.1666,6673.1265,0.0,0.4
2018-11-09,6419.99,-0.6639,0.165,6672.3931,0.0,0.4
2018-11-10,6433.05,-0.6632,0.1655,6673.3282,0.0,0.4
2018-11-11,6449.81,-0.6624,0.1663,6672.0871,0.0,0.4
2018-11-12,6453.07,-0.6622,0.1658,6672.5149,0.0,0.4
2018-11-13,6457.66,-0.6619,0.1655,6672.3394,0.0,0.4
2018-11-14,5922.41,-0.69,0.4022,6668.8247,0.0,0.4
2018-11-15,5753.4,-0.6988,0.4137,6662.431,0.0,0.4
2018-11-16,5655.94,-0.7039,0.4162,6655.1959,0.0,0.4
2018-11-17,5628.29,-0.7054,0.4158,6647.6411,0.0,0.4
2018-11-18,5662.0,-0.7036,0.4132,6640.5955,0.0,0.4
2018-11-19,4910.03,-0.743,0.7149,6633.029,0.0,0.4
2018-11-20,4558.86,-0.7613,0.7553,6622.4215,0.0,0.4
2018-11-21,4661.07,-0.756,0.7677,6612.5822,0.0,0.4
2018-11-22,4370.0,-0.7712,0.7892,6600.0355,0.0,0.4
2018-11-23,4420.61,-0.7686,0.7987,6589.0344,0.0,0.4
2018-11-24,3932.44,-0.7941,0.8866,6574.3591,0.0,0.4
2018-11-25,4085.78,-0.7861,0.9229,6562.5711,0.0,0.4
2018-11-26,3862.2,-0.7978,0.9225,6546.9997,0.0,0.4
2018-11-27,3875.21,-0.7971,0.9186,6530.2339,0.0,0.4
2018-11-28,4264.85,-0.7767,1.0568,6516.2875,0.0,0.4
2018-11-29,4295.84,-0.7751,1.0626,6500.8245,0.0,0.4
2018-11-30,4041.32,-0.7884,1.0715,6484.3409,0.0,0.4
2018-12-01,4190.02,-0.7807,1.0964,6468.3612,0.0,0.4
2018-12-02,4161.01,-0.7822,1.0939,6452.5733,0.0,0.4
2018-12-03,3884.01,-0.7967,1.1066,6434.4015,0.0,0.4
2018-12-04,3951.64,-0.7931,1.0851,6415.6992,0.0,0.4
2018-12-05,3769.84,-0.8027,1.0907,6396.0841,0.0,0.4
2018-12-06,3508.75,-0.8163,1.1116,6375.0617,0.0,0.4
2018-12-07,3403.55,-0.8218,1.1086,6355.7726,0.0,0.4
2018-12-08,3410.93,-0.8214,1.1066,6335.9917,0.0,0.4
2018-12-09,3545.37,-0.8144,1.004,6317.957,0.0,0.4
2018-12-10,3432.88,-0.8203,0.9731,6299.4124,0.0,0.4
2018-12-11,3380.39,-0.823,0.9592,6280.2684,0.0,0.4
2018-12-12,3445.0,-0.8197,0.9444,6260.8817,0.0,0.4
2018-12-13,3302.06,-0.8271,0.9468,6238.0731,0.0,0.4
2018-12-14,3224.17,-0.8312,0.8296,6210.7846,0.0,0.4
2018-12-15,3211.72,-0.8319,0.8016,6182.9834,0.0,0.4
2018-12-16,3228.67,-0.831,0.7792,6154.7331,0.0,0.4
2018-12-17,3509.08,-0.8163,0.8727,6129.2101,0.0,0.4
2018-12-18,3652.98,-0.8088,0.7763,6104.2381,0.0,0.4
2018-12-19,3662.22,-0.8083,0.7748,6079.3543,0.0,0.4
2018-12-20,4049.62,-0.788,0.8645,6054.8784,0.0,0.4
2018-12-21,3838.66,-0.7991,0.8775,6024.4879,0.0,0.4
2018-12-22,3948.91,-0.7933,0.8883,5996.3097,0.0,0.4
2018-12-23,3929.71,-0.7943,0.8372,5969.7077,0.0,0.4
2018-12-24,4008.01,-0.7902,0.8382,5941.8373,0.0,0.4
2018-12-25,3745.79,-0.8039,0.8649,5911.9757,0.0,0.4
2018-12-26,3777.74,-0.8022,0.8033,5882.4206,0.0,0.4
2018-12-27,3567.91,-0.8132,0.8327,5851.7139,0.0,0.4
2018-12-28,3839.26,-0.799,0.8861,5825.7694,0.0,0.4
2018-12-29,3695.32,-0.8066,0.8924,5799.7077,0.0,0.4
2018-12-30,3801.91,-0.801,0.8852,5774.8823,0.0,0.4
2018-12-31,3702.9,-0.8062,0.8913,5750.1098,0.0,0.4
2019-01-01,3797.14,-0.8012,0.8936,5728.6918,0.0,0.4
2019-01-02,3858.56,-0.798,0.8688,5707.5876,0.0,0.4
2019-01-03,3766.78,-0.8028,0.8689,5686.4673,0.0,0.4
2019-01-04,3792.01,-0.8015,0.8674,5666.947,0.0,0.4
2019-01-05,3770.96,-0.8026,0.8693,5650.1867,0.0,0.4
2019-01-06,3987.6,-0.7913,0.8306,5633.2388,0.0,0.4
2019-01-07,3975.45,-0.7919,0.8172,5618.7817,0.0,0.4
2019-01-08,3955.13,-0.793,0.8182,5603.6003,0.0,0.4
2019-01-09,3966.65,-0.7924,0.6933,5587.9891,0.0,0.4
2019-01-10,3585.88,-0.8123,0.7856,5570.2526,0.0,0.4
2019-01-11,3601.31,-0.8115,0.7736,5553.0075,0.0,0.4
2019-01-12,3583.13,-0.8124,0.7736,5535.1139,0.0,0.4
2019-01-13,3476.81,-0.818,0.7728,5516.2143,0.0,0.4
2019-01-14,3626.09,-0.8102,0.7494,5496.4917,0.0,0.4
2019-01-15,3553.06,-0.814,0.7521,5477.5923,0.0,0.4
2019-01-16,3591.84,-0.812,0.7132,5458.3544,0.0,0.4
2019-01-17,3616.21,-0.8107,0.6348,5440.7635,0.0,0.4
2019-01-18,3594.87,-0.8118,0.615,5421.5293,0.0,0.4
2019-01-19,3665.3,-0.8081,0.6078,5403.5587,0.0,0.4
2019-01-20,3539.28,-0.8147,0.6155,5383.6539,0.0,0.4
2019-01-21,3526.9,-0.8154,0.6031,5362.6223,0.0,0.4
2019-01-22,3570.93,-0.8131,0.601,5341.5375,0.0,0.4
2019-01-23,3552.82,-0.814,0.5942,5320.5563,0.0,0.4
2019-01-24,3569.62,-0.8131,0.5936,5298.2962,0.0,0.4
2019-01-25,3565.29,-0.8134,0.5936,5274.8907,0.0,0.4
2019-01-26,3565.25,-0.8134,0.5323,5251.7843,0.0,0.4
2019-01-27,3550.84,-0.8141,0.5322,5228.8909,0.0,0.4
2019-01-28,3434.15,-0.8202,0.5453,5205.0439,0.0,0.4
2019-01-29,3411.04,-0.8214,0.5434,5179.7841,0.0,0.4
2019-01-30,3458.18,-0.819,0.352,5154.1585,0.0,0.4
2019-01-31,3434.1,-0.8202,0.3515,5128.6324,0.0,0.4
2019-02-01,3462.07,-0.8188,0.3541,5102.6525,0.0,0.4
2019-02-02,3504.77,-0.8165,0.3345,5081.3509,0.0,0.4
2019-02-03,3458.11,-0.819,0.2816,5060.9649,0.0,0.4
2019-02-04,3463.22,-0.8187,0.27,5041.4161,0.0,0.4
2019-02-05,3471.59,-0.8183,0.2651,5023.3264,0.0,0.4
2019-02-06,3405.37,-0.8217,0.2724,5004.3568,0.0,0.4
2019-02-07,3398.4,-0.8221,0.2721,4984.9328,0.0,0.4
2019-02-08,3659.04,-0.8085,0.418,4967.3603,0.0,0.4
2019-02-09,3665.18,-0.8081,0.3874,4949.5374,0.0,0.4
2019-02-10,3680.06,-0.8074,0.3868,4930.8219,0.0,0.4
2019-02-11,3631.05,-0.8099,0.3893,4911.8514,0.0,0.4
2019-02-12,3631.46,-0.8099,0.3884,4892.6281,0.0,0.4
2019-02-13,3609.4,-0.8111,0.3892,4873.3241,0.0,0.4
2019-02-14,3590.56,-0.812,0.39,4855.6032,0.0,0.4
2019-02-15,3602.47,-0.8114,0.3902,4837.3767,0.0,0.4
2019-02-16,3618.41,-0.8106,0.3899,4818.8868,0.0,0.4
2019-02-17,3667.58,-0.808,0.361,4800.0573,0.0,0.4
2019-02-18,3898.6,-0.7959,0.4337,4780.9879,0.0,0.4
2019-02-19,3907.79,-0.7954,0.4329,4762.2195,0.0,0.4
2019-02-20,3969.74,-0.7922,0.4305,4743.9644,0.0,0.4
2019-02-21,3937.31,-0.7939,0.4355,4726.3372,0.0,0.4
2019-02-22,3962.0,-0.7926,0.4347,4709.7669,0.0,0.4
2019-02-23,4117.76,-0.7844,0.4464,4694.1179,0.0,0.4
2019-02-24,3743.56,-0.804,0.6301,4674.4807,0.0,0.4
2019-02-25,3827.92,-0.7996,0.6349,4655.7697,0.0,0.4
2019-02-26,3809.23,-0.8006,0.6274,4637.1887,0.0,0.4
2019-02-27,3818.07,-0.8001,0.6266,4618.4653,0.0,0.4
2019-02-28,3813.69,-0.8004,0.5469,4599.8125,0.0,0.4
2019-03-01,3823.0,-0.7999,0.5469,4581.7939,0.0,0.4
2019-03-02,3819.93,-0.8,0.547,4563.8601,0.0,0.4
2019-03-03,3807.75,-0.8007,0.5433,4545.2865,0.0,0.4
2019-03-04,3715.3,-0.8055,0.5553,4525.8175,0.0,0.4
2019-03-05,3857.73,-0.7981,0.5754,4507.5739,0.0,0.4
2019-03-06,3861.84,-0.7978,0.5743,4489.2178,0.0,0.4
2019-03-07,3873.64,-0.7972,0.5743,4470.5553,0.0,0.4
2019-03-08,3864.89,-0.7977,0.5748,4451.9439,0.0,0.4
2019-03-09,3943.04,-0.7936,0.5777,4434.0241,0.0,0.4
2019-03-10,3916.82,-0.795,0.5176,4418.4517,0.0,0.4
2019-03-11,3871.61,-0.7973,0.5199,4402.2757,0.0,0.4
2019-03-12,3882.73,-0.7967,0.5151,4385.9411,0.0,0.4
2019-03-13,3866.0,-0.7976,0.5144,4369.4521,0.0,0.4
2019-03-14,3877.12,-0.797,0.5137,4350.2829,0.0,0.4
2019-03-15,3923.76,-0.7946,0.486,4331.3795,0.0,0.4
2019-03-16,4005.98,-0.7903,0.2607,4313.1468,0.0,0.4
2019-03-17,3981.14,-0.7916,0.2492,4295.5613,0.0,0.4
2019-03-18,3987.81,-0.7912,0.2473,4278.6209,0.0,0.4
2019-03-19,4015.53,-0.7898,0.2481,4261.4684,0.0,0.4
2019-03-20,4043.04,-0.7884,0.2482,4244.4879,0.0,0.4
2019-03-21,3980.64,-0.7916,0.2604,4227.1509,0.0,0.4
2019-03-22,3986.93,-0.7913,0.2601,4210.0403,0.0,0.4
2019-03-23,4006.01,-0.7903,0.2592,4192.9771,0.0,0.4
2019-03-24,3992.18,-0.791,0.2309,4176.071,0.0,0.4
2019-03-25,3936.12,-0.7939,0.1859,4158.7209,0.0,0.4
2019-03-26,3948.55,-0.7933,0.1861,4141.6739,0.0,0.4
2019-03-27,4038.05,-0.7886,0.2072,4125.3281,0.0,0.4
2019-03-28,4027.81,-0.7891,0.2073,4109.8835,0.0,0.4
2019-03-29,4103.25,-0.7852,0.2049,4095.0327,0.0,0.4
2019-03-30,4106.97,-0.785,0.2013,4079.9329,0.0,0.4
2019-03-31,4103.95,-0.7852,0.192,4064.5593,0.0,0.4
2019-04-01,4144.56,-0.783,0.1942,4049.2965,0.0,0.4
2019-04-02,4857.29,-0.7457,0.6893,4039.0978,1.0,1.0
2019-04-03,4932.6,-0.7418,0.6884,4028.7428,1.0,1.0
2019-04-04,4898.66,-0.7436,0.6931,4018.2739,1.0,1.0
2019-04-05,5004.95,-0.738,0.6933,4008.1795,1.0,1.0
2019-04-06,5043.89,-0.736,0.6892,3997.9491,1.0,1.0
2019-04-07,5170.27,-0.7293,0.6897,3989.2186,1.0,1.0
2019-04-08,5236.9,-0.7259,0.6892,3981.3313,1.0,1.0
2019-04-09,5150.0,-0.7304,0.7007,3972.7777,1.0,1.0
2019-04-10,5308.25,-0.7221,0.6932,3965.1673,1.0,1.0
2019-04-11,5017.37,-0.7373,0.7552,3955.5959,1.0,1.0
2019-04-12,5048.01,-0.7357,0.755,3946.1983,1.0,1.0
2019-04-13,5045.22,-0.7359,0.754,3940.3503,1.0,1.0
2019-04-14,5131.3,-0.7314,0.7452,3936.203,1.0,1.0
2019-04-15,5024.95,-0.737,0.7584,3931.9964,1.0,1.0
2019-04-16,5173.72,-0.7292,0.7607,3928.9659,1.0,1.0
2019-04-17,5202.82,-0.7276,0.7585,3925.9047,1.0,1.0
2019-04-18,5258.44,-0.7247,0.7581,3928.2275,1.0,1.0
2019-04-19,5258.68,-0.7247,0.7583,3932.8929,1.0,1.0
2019-04-20,5291.73,-0.723,0.7566,3937.0973,1.0,1.0
2019-04-21,5256.14,-0.7248,0.7611,3943.0049,1.0,1.0
2019-04-22,5357.14,-0.7196,0.3841,3949.2485,1.0,1.0
2019-04-23,5493.31,-0.7124,0.3914,3959.6543,1.0,1.0
2019-04-24,5415.0,-0.7165,0.3971,3968.5157,1.0,1.0
2019-04-25,5219.9,-0.7267,0.4274,3977.5671,1.0,1.0
2019-04-26,5314.1,-0.7218,0.4321,3987.1597,1.0,1.0
2019-04-27,5295.69,-0.7228,0.421,3994.0319,1.0,1.0
2019-04-28,5307.52,-0.7222,0.4178,4000.7765,1.0,1.0
2019-04-29,5238.14,-0.7258,0.4152,4008.7553,1.0,1.0
2019-04-30,5320.81,-0.7215,0.3998,4016.2939,1.0,1.0
2019-05-01,5383.2,-0.7182,0.3109,4024.4418,1.0,1.0
2019-05-02,5492.87,-0.7125,0.3188,4035.1675,1.0,1.0
2019-05-03,5772.69,-0.6978,0.3722,4047.3079,1.0,1.0
2019-05-04,5829.45,-0.6948,0.3697,4061.0386,1.0,1.0
2019-05-05,5775.62,-0.6977,0.3562,4076.1511,1.0,1.0
2019-05-06,5747.79,-0.6991,0.3449,4091.7793,1.0,1.0
2019-05-07,5846.34,-0.694,0.3485,4108.0154,1.0,1.0
2019-05-08,5987.29,-0.6866,0.3565,4124.2949,1.0,1.0
2019-05-09,6209.18,-0.675,0.3771,4142.8035,1.0,1.0
2019-05-10,6373.33,-0.6664,0.3845,4162.7565,1.0,1.0
2019-05-11,7076.22,-0.6296,0.5527,4186.9646,1.0,1.0
2019-05-12,6967.31,-0.6353,0.5672,4211.3996,1.0,1.0
2019-05-13,7790.71,-0.5922,0.706,4241.8432,1.0,1.0
2019-05-14,7947.56,-0.584,0.6913,4273.4155,1.0,1.0
2019-05-15,8169.87,-0.5723,0.6445,4306.3568,1.0,1.0
2019-05-16,7866.59,-0.5882,0.694,4335.4069,1.0,1.0
2019-05-17,7355.26,-0.615,0.7825,4360.0887,1.0,1.0
2019-05-18,7257.45,-0.6201,0.7908,4384.0569,1.0,1.0
2019-05-19,8148.48,-0.5734,0.8866,4411.3827,1.0,1.0
2019-05-20,7938.15,-0.5844,0.9101,4438.7126,1.0,1.0
2019-05-21,7904.87,-0.5862,0.9154,4465.0857,1.0,1.0
2019-05-22,7628.43,-0.6007,0.9448,4489.7438,1.0,1.0
2019-05-23,7851.51,-0.589,0.9349,4515.3671,1.0,1.0
2019-05-24,7964.87,-0.583,0.9346,4543.4943,1.0,1.0
2019-05-25,8025.41,-0.5799,0.9287,4571.8121,1.0,1.0
2019-05-26,8614.43,-0.549,0.9514,4605.4556,1.0,1.0
2019-05-27,8756.32,-0.5416,0.9514,4638.236,1.0,1.0
2019-05-28,8715.64,-0.5437,0.9571,4671.7048,1.0,1.0
2019-05-29,8645.68,-0.5474,0.9602,4703.9966,1.0,1.0
2019-05-30,8269.54,-0.5671,0.9935,4734.4409,1.0,1.0
2019-05-31,8555.0,-0.5522,0.9107,4766.1599,1.0,1.0
2019-06-01,8544.07,-0.5527,0.9052,4797.3967,1.0,1.0
2019-06-02,8725.98,-0.5432,0.7848,4830.458,1.0,1.0
2019-06-03,8115.82,-0.5751,0.8492,4859.2834,1.0,1.0
2019-06-04,7687.03,-0.5976,0.8718,4885.3905,1.0,1.0
2019-06-05,7776.5,-0.5929,0.8594,4910.6499,1.0,1.0
2019-06-06,7786.7,-0.5924,0.8055,4936.0582,1.0,1.0
2019-06-07,7980.53,-0.5822,0.8071,4962.8942,1.0,1.0
2019-06-08,7893.62,-0.5868,0.6354,4989.074,1.0,1.0
2019-06-09,7628.13,-0.6007,0.6423,5016.0223,1.0,1.0
2019-06-10,7982.75,-0.5821,0.6733,5045.2319,1.0,1.0
2019-06-11,7884.9,-0.5872,0.6565,5073.9104,1.0,1.0
2019-06-12,8127.64,-0.5745,0.6577,5104.9159,1.0,1.0
2019-06-13,8218.54,-0.5698,0.6566,5135.5323,1.0,1.0
2019-06-14,8650.0,-0.5472,0.6899,5169.5119,1.0,1.0
2019-06-15,8808.7,-0.5389,0.6252,5204.2909,1.0,1.0
2019-06-16,8953.33,-0.5313,0.6251,5239.8717,1.0,1.0
2019-06-17,9313.96,-0.5124,0.6454,5277.999,1.0,1.0
2019-06-18,9081.55,-0.5246,0.6554,5314.1073,1.0,1.0
2019-06-19,9255.49,-0.5155,0.6233,5352.2154,1.0,1.0
2019-06-20,9517.12,-0.5018,0.6186,5392.1502,1.0,1.0
2019-06-21,10159.86,-0.4681,0.6684,5436.0764,1.0,1.0
2019-06-22,10729.5,-0.4383,0.6951,5483.9209,1.0,1.0
2019-06-23,10906.07,-0.4291,0.5869,5532.8306,1.0,1.0
2019-06-24,11056.59,-0.4212,0.4985,5582.7726,1.0,1.0
2019-06-25,11820.86,-0.3812,0.5387,5637.81,1.0,1.0
2019-06-26,13093.8,-0.3146,0.6325,5701.4297,1.0,1.0
2019-06-27,11329.99,-0.4069,0.9655,5754.0687,1.0,1.0
2019-06-28,12400.63,-0.3508,1.0042,5813.9993,0.9958,1.0
2019-06-29,11903.13,-0.3769,1.0119,5870.2989,0.9882,1.0
2019-06-30,10854.1,-0.4318,1.1168,5919.7656,0.8954,1.0
2019-07-01,10624.93,-0.4438,1.1218,5967.518,0.8915,1.0
2019-07-02,10842.85,-0.4324,1.1199,6016.4385,0.8929,1.0
2019-07-03,11940.0,-0.375,1.1731,6072.9845,0.8524,1.0
2019-07-04,11145.67,-0.4165,1.2203,6124.2008,0.8195,1.0
2019-07-05,10970.73,-0.4257,1.226,6174.1951,0.8157,1.0
2019-07-06,11256.49,-0.4107,1.2274,6226.5359,0.8147,1.0
2019-07-07,11406.24,-0.4029,1.221,6279.9215,0.819,1.0
2019-07-08,12238.6,-0.3593,1.2361,6337.1185,0.809,1.0
2019-07-09,12543.41,-0.3434,1.2367,6396.3067,0.8086,1.0
2019-07-10,12108.37,-0.3661,1.2536,6452.4955,0.7977,1.0
2019-07-11,11342.89,-0.4062,1.271,6503.9077,0.7868,1.0
2019-07-12,11757.22,-0.3845,1.2596,6558.0795,0.7939,1.0
2019-07-13,11355.76,-0.4055,1.2693,6609.7219,0.7879,1.0
2019-07-14,10174.18,-0.4674,1.3544,6653.6127,0.7384,1.0
2019-07-15,10838.72,-0.4326,1.3508,6701.8543,0.7403,1.0
2019-07-16,9439.59,-0.5058,1.3767,6740.6622,0.7264,1.0
2019-07-17,9667.92,-0.4939,1.2581,6780.6645,0.7949,1.0
2019-07-18,10627.16,-0.4437,1.2646,6825.5215,0.7907,1.0
2019-07-19,10504.29,-0.4501,1.256,6869.4982,0.7962,1.0
2019-07-20,10740.23,-0.4378,1.1993,6914.6348,0.8338,1.0
2019-07-21,10589.45,-0.4457,1.1973,6958.9824,0.8352,1.0
2019-07-22,10340.31,-0.4587,1.1977,7001.5045,0.835,1.0
2019-07-23,9864.91,-0.4836,1.125,7039.8188,0.8889,1.0
2019-07-24,9763.28,-0.4889,1.0931,7079.9503,0.9148,1.0
2019-07-25,9879.87,-0.4828,1.095,7120.2966,0.9132,1.0
2019-07-26,9824.0,-0.4857,1.0861,7160.3951,0.9207,1.0
2019-07-27,9476.52,-0.5039,1.0891,7198.1181,0.9182,1.0
2019-07-28,9541.54,-0.5005,1.032,7236.3037,0.969,1.0
2019-07-29,9507.64,-0.5023,1.0196,7274.2013,0.9808,1.0
2019-07-30,9574.21,-0.4988,1.0185,7312.5632,0.9819,1.0
2019-07-31,10080.53,-0.4723,1.0227,7354.3817,0.9778,1.0
2019-08-01,10374.99,-0.4569,1.0176,7398.7797,0.9827,1.0
2019-08-02,10523.75,-0.4491,1.0128,7443.2198,0.9874,1.0
2019-08-03,10816.86,-0.4338,0.9001,7489.5866,1.0,1.0
2019-08-04,10929.23,-0.4279,0.8596,7536.6239,1.0,1.0
2019-08-05,11828.8,-0.3808,0.6658,7589.7166,1.0,1.0
2019-08-06,11481.69,-0.3989,0.6855,7639.9743,1.0,1.0
2019-08-07,11975.03,-0.3731,0.5888,7693.6957,1.0,1.0
2019-08-08,11999.77,-0.3718,0.5838,7747.8834,1.0,1.0
2019-08-09,11879.99,-0.3781,0.5835,7801.1985,1.0,1.0
2019-08-10,11309.31,-0.408,0.6236,7850.8205,1.0,1.0
2019-08-11,11549.97,-0.3954,0.6155,7901.9729,1.0,1.0
2019-08-12,11396.08,-0.4034,0.5758,7951.7883,1.0,1.0
2019-08-13,10892.71,-0.4298,0.6141,7997.6999,1.0,1.0
2019-08-14,10050.37,-0.4739,0.7142,8038.1614,1.0,1.0
2019-08-15,10293.93,-0.4611,0.7202,8080.2022,1.0,1.0
2019-08-16,10331.54,-0.4592,0.6993,8122.3089,1.0,1.0
2019-08-17,10216.02,-0.4652,0.7023,8163.4621,1.0,1.0
2019-08-18,10306.78,-0.4605,0.7019,8205.6364,1.0,1.0
2019-08-19,10915.54,-0.4286,0.7381,8251.8271,1.0,1.0
2019-08-20,10760.51,-0.4367,0.7142,8296.8571,1.0,1.0
2019-08-21,10142.57,-0.469,0.7516,8337.8597,1.0,1.0
2019-08-22,10099.88,-0.4713,0.7485,8378.9515,1.0,1.0
2019-08-23,10389.55,-0.4561,0.7491,8421.8915,1.0,1.0
2019-08-24,10134.35,-0.4695,0.7531,8462.5335,1.0,1.0
2019-08-25,10142.69,-0.469,0.6555,8503.2993,1.0,1.0
2019-08-26,10372.25,-0.457,0.6596,8545.0927,1.0,1.0
2019-08-27,10185.05,-0.4668,0.6263,8585.6132,1.0,1.0
2019-08-28,9721.0,-0.4911,0.6453,8623.0602,1.0,1.0
2019-08-29,9498.44,-0.5028,0.6476,8658.7527,1.0,1.0
2019-08-30,9584.54,-0.4983,0.6294,8690.2677,1.0,1.0
2019-08-31,9587.47,-0.4981,0.6169,8721.3002,1.0,1.0
2019-09-01,9724.98,-0.4909,0.6247,8753.4757,1.0,1.0
2019-09-02,10340.0,-0.4587,0.6669,8789.0427,1.0,1.0
2019-09-03,10615.28,-0.4443,0.5774,8826.1853,1.0,1.0
2019-09-04,10567.02,-0.4468,0.57,8862.1636,1.0,1.0
2019-09-05,10564.49,-0.447,0.57,8897.6809,1.0,1.0
2019-09-06,10298.73,-0.4609,0.5791,8932.0057,1.0,1.0
2019-09-07,10455.88,-0.4526,0.5815,8966.3233,1.0,1.0
2019-09-08,10381.18,-0.4566,0.5231,9002.082,1.0,1.0
2019-09-09,10303.12,-0.4606,0.5209,9037.1161,1.0,1.0
2019-09-10,10098.15,-0.4714,0.4623,9070.8023,1.0,1.0
2019-09-11,10158.33,-0.4682,0.4627,9104.3158,1.0,1.0
2019-09-12,10415.01,-0.4548,0.459,9140.2495,1.0,1.0
2019-09-13,10342.06,-0.4586,0.4465,9174.7051,1.0,1.0
2019-09-14,10335.02,-0.459,0.4466,9208.9198,1.0,1.0
2019-09-15,10302.01,-0.4607,0.4362,9242.5436,1.0,1.0
2019-09-16,10251.31,-0.4634,0.4294,9275.8278,1.0,1.0
2019-09-17,10187.82,-0.4667,0.3759,9308.4684,1.0,1.0
2019-09-18,10156.99,-0.4683,0.3591,9341.1407,1.0,1.0
2019-09-19,10244.29,-0.4637,0.3589,9373.7217,1.0,1.0
2019-09-20,10168.59,-0.4677,0.3617,9404.8903,1.0,1.0
2019-09-21,9986.39,-0.4772,0.3686,9435.3662,1.0,1.0
2019-09-22,10028.87,-0.475,0.2525,9467.426,1.0,1.0
2019-09-23,9702.25,-0.4921,0.2543,9496.6803,1.0,1.0
2019-09-24,8493.14,-0.5554,0.6054,9517.9967,0.0,0.4
2019-09-25,8430.05,-0.5587,0.6037,9538.8135,0.0,0.4
2019-09-26,8063.73,-0.5779,0.6176,9557.6508,0.0,0.4
2019-09-27,8177.91,-0.5719,0.6167,9576.6981,0.0,0.4
2019-09-28,8198.81,-0.5708,0.6196,9595.4689,0.0,0.4
2019-09-29,8043.82,-0.5789,0.62,9612.4752,0.0,0.4
2019-09-30,8289.34,-0.5661,0.6446,9629.2529,0.0,0.4
2019-10-01,8292.44,-0.5659,0.6424,9645.6728,0.0,0.4
2019-10-02,8359.94,-0.5624,0.6286,9662.9016,0.0,0.4
2019-10-03,8223.96,-0.5695,0.6287,9679.4094,0.0,0.4
2019-10-04,8137.13,-0.574,0.6269,9694.6813,0.0,0.4
2019-10-05,8126.19,-0.5746,0.6274,9708.9407,0.0,0.4
2019-10-06,7854.25,-0.5888,0.6336,9719.9078,0.0,0.4
2019-10-07,8190.09,-0.5713,0.6758,9732.0195,0.0,0.4
2019-10-08,8168.39,-0.5724,0.6759,9739.3007,0.0,0.4
2019-10-09,8560.74,-0.5519,0.7158,9749.9235,0.0,0.4
2019-10-10,8558.03,-0.552,0.7167,9755.039,0.0,0.4
2019-10-11,8258.5,-0.5677,0.7251,9757.1119,0.0,0.4
2019-10-12,8300.09,-0.5655,0.7253,9757.9801,0.0,0.4
2019-10-13,8275.01,-0.5668,0.7178,9760.7029,0.0,0.4
2019-10-14,8348.2,-0.563,0.4478,9767.3225,0.0,0.4
2019-10-15,8159.29,-0.5729,0.4569,9773.3347,0.0,0.4
2019-10-16,7991.74,-0.5816,0.4243,9772.2898,0.0,0.4
2019-10-17,8070.58,-0.5775,0.4219,9773.1727,0.0,0.4
2019-10-18,7947.01,-0.584,0.4263,9773.4536,0.0,0.4
2019-10-19,7948.01,-0.5839,0.4189,9775.5841,0.0,0.4
2019-10-20,8223.35,-0.5695,0.4249,9778.0631,0.0,0.4
2019-10-21,8197.27,-0.5709,0.425,9779.6124,0.0,0.4
2019-10-22,8020.0,-0.5802,0.4325,9779.5763,0.0,0.4
2019-10-23,7466.62,-0.6091,0.5222,9771.9243,0.0,0.4
2019-10-24,7412.41,-0.612,0.5217,9762.9649,0.0,0.4
2019-10-25,8655.02,-0.5469,0.8592,9762.5607,0.0,0.4
2019-10-26,9230.0,-0.5168,0.8799,9766.4562,0.0,0.4
2019-10-27,9529.93,-0.5011,0.8736,9774.8588,0.0,0.4
2019-10-28,9205.14,-0.5181,0.8913,9779.1931,0.0,0.4
2019-10-29,9407.62,-0.5075,0.8754,9784.9501,0.0,0.4
2019-10-30,9154.72,-0.5208,0.8859,9787.8083,0.0,0.4
2019-10-31,9140.85,-0.5215,0.8689,9794.6419,0.0,0.4
2019-11-01,9231.61,-0.5167,0.8691,9804.9391,0.0,0.4
2019-11-02,9289.52,-0.5137,0.8683,9815.0259,0.0,0.4
2019-11-03,9194.71,-0.5187,0.8709,9824.4126,0.0,0.4
2019-11-04,9393.35,-0.5083,0.8643,9833.8314,0.0,0.4
2019-11-05,9308.66,-0.5127,0.8585,9843.265,0.0,0.4
2019-11-06,9339.05,-0.5111,0.8586,9854.6711,0.0,0.4
2019-11-07,9216.2,-0.5175,0.8576,9862.8941,0.0,0.4
2019-11-08,8773.73,-0.5407,0.8909,9868.8197,0.0,0.4
2019-11-09,8809.41,-0.5388,0.8812,9873.3648,0.0,0.4
2019-11-10,9039.47,-0.5268,0.8857,9878.8377,0.0,0.4
2019-11-11,8733.27,-0.5428,0.8946,9879.3928,0.0,0.4
2019-11-12,8821.94,-0.5382,0.8272,9879.4811,0.0,0.4
2019-11-13,8777.12,-0.5405,0.8265,9878.3063,0.0,0.4
2019-11-14,8646.68,-0.5474,0.5033,9873.8578,0.0,0.4
2019-11-15,8471.73,-0.5565,0.4182,9869.7923,0.0,0.4
2019-11-16,8491.02,-0.5555,0.3867,9864.6959,0.0,0.4
2019-11-17,8502.4,-0.5549,0.365,9857.9311,0.0,0.4
2019-11-18,8187.17,-0.5714,0.3729,9844.7798,0.0,0.4
2019-11-19,8133.64,-0.5742,0.3616,9827.4741,0.0,0.4
2019-11-20,8098.01,-0.5761,0.3611,9808.7537,0.0,0.4
2019-11-21,7627.74,-0.6007,0.42,9785.8947,0.0,0.4
2019-11-22,7268.23,-0.6195,0.4445,9755.5438,0.0,0.4
2019-11-23,7311.57,-0.6172,0.4513,9716.9956,0.0,0.4
2019-11-24,6903.28,-0.6386,0.4665,9687.4842,0.0,0.4
2019-11-25,7109.57,-0.6278,0.504,9652.2105,0.0,0.4
2019-11-26,7156.14,-0.6254,0.5063,9620.5639,0.0,0.4
2019-11-27,7508.52,-0.6069,0.5702,9598.26,0.0,0.4
2019-11-28,7419.49,-0.6116,0.5428,9576.8904,0.0,0.4
2019-11-29,7739.68,-0.5948,0.5827,9556.2026,0.0,0.4
2019-11-30,7541.89,-0.6052,0.5694,9526.8819,0.0,0.4
2019-12-01,7390.89,-0.6131,0.5604,9501.85,0.0,0.4
2019-12-02,7294.28,-0.6182,0.5545,9477.3403,0.0,0.4
2019-12-03,7292.71,-0.6182,0.5556,9450.9151,0.0,0.4
2019-12-04,7194.32,-0.6234,0.5554,9422.8357,0.0,0.4
2019-12-05,7389.0,-0.6132,0.5733,9390.505,0.0,0.4
2019-12-06,7527.47,-0.6059,0.5824,9357.0654,0.0,0.4
2019-12-07,7488.21,-0.608,0.5815,9326.2643,0.0,0.4
2019-12-08,7510.11,-0.6069,0.565,9300.7125,0.0,0.4
2019-12-09,7338.64,-0.6158,0.5706,9271.2553,0.0,0.4
2019-12-10,7224.13,-0.6218,0.5724,9243.7111,0.0,0.4
2019-12-11,7210.0,-0.6226,0.5181,9223.9499,0.0,0.4
2019-12-12,7198.08,-0.6232,0.4761,9199.6789,0.0,0.4
2019-12-13,7258.48,-0.62,0.4768,9185.1382,0.0,0.4
2019-12-14,7064.05,-0.6302,0.4214,9167.7791,0.0,0.4
2019-12-15,7118.59,-0.6274,0.4032,9144.3886,0.0,0.4
2019-12-16,6891.72,-0.6392,0.4249,9120.3048,0.0,0.4
2019-12-17,6623.82,-0.6533,0.3907,9092.8621,0.0,0.4
2019-12-18,7277.83,-0.619,0.5788,9070.7846,0.0,0.4
2019-12-19,7150.3,-0.6257,0.5487,9049.5179,0.0,0.4
2019-12-20,7187.83,-0.6237,0.5408,9031.6707,0.0,0.4
2019-12-21,7132.75,-0.6266,0.5355,9014.1338,0.0,0.4
2019-12-22,7501.44,-0.6073,0.5768,8998.2776,0.0,0.4
2019-12-23,7317.09,-0.617,0.5877,8981.5649,0.0,0.4
2019-12-24,7255.77,-0.6202,0.5857,8966.7599,0.0,0.4
2019-12-25,7204.63,-0.6228,0.5743,8951.1805,0.0,0.4
2019-12-26,7202.0,-0.623,0.5674,8935.8095,0.0,0.4
2019-12-27,7254.74,-0.6202,0.5686,8920.3464,0.0,0.4
2019-12-28,7316.14,-0.617,0.57,8901.9171,0.0,0.4
2019-12-29,7388.24,-0.6132,0.5631,8882.0055,0.0,0.4
2019-12-30,7246.0,-0.6207,0.5653,8860.1538,0.0,0.4
2019-12-31,7195.23,-0.6233,0.5661,8836.0096,0.0,0.4
2020-01-01,7200.85,-0.623,0.5661,8811.1537,0.0,0.4
2020-01-02,6965.71,-0.6354,0.5819,8778.7331,0.0,0.4
2020-01-03,7344.96,-0.6155,0.6153,8751.1549,0.0,0.4
2020-01-04,7354.11,-0.615,0.6148,8720.3488,0.0,0.4
2020-01-05,7358.75,-0.6148,0.5956,8689.4087,0.0,0.4
2020-01-06,7758.0,-0.5939,0.5986,8661.9287,0.0,0.4
2020-01-07,8145.28,-0.5736,0.4954,8640.8352,0.0,0.4
2020-01-08,8055.98,-0.5783,0.4901,8617.5419,0.0,0.4
2020-01-09,7817.76,-0.5908,0.5137,8593.6865,0.0,0.4
2020-01-10,8197.02,-0.5709,0.5423,8575.7152,0.0,0.4
2020-01-11,8020.01,-0.5802,0.5184,8562.1795,0.0,0.4
2020-01-12,8184.98,-0.5715,0.507,8548.1198,0.0,0.4
2020-01-13,8110.34,-0.5754,0.5074,8533.3118,0.0,0.4
2020-01-14,8810.01,-0.5388,0.6009,8523.9384,0.0,1.0
2020-01-15,8821.41,-0.5382,0.6004,8514.0359,0.0,1.0
2020-01-16,8720.01,-0.5435,0.6074,8499.3991,0.0,1.0
2020-01-17,8913.28,-0.5334,0.6098,8487.0842,1.0,1.0
2020-01-18,8915.96,-0.5333,0.6112,8478.9068,1.0,1.0
2020-01-19,8701.7,-0.5445,0.616,8469.5856,1.0,1.0
2020-01-20,8642.35,-0.5476,0.6159,8457.9376,1.0,1.0
2020-01-21,8736.03,-0.5427,0.6147,8448.6155,1.0,1.0
2020-01-22,8682.36,-0.5455,0.5888,8438.8799,1.0,1.0
2020-01-23,8404.52,-0.56,0.585,8425.7617,1.0,1.0
2020-01-24,8439.0,-0.5582,0.5846,8414.1214,1.0,1.0
2020-01-25,8340.58,-0.5634,0.5895,8404.9186,1.0,1.0
2020-01-26,8615.0,-0.549,0.5644,8399.029,1.0,1.0
2020-01-27,8907.57,-0.5337,0.5452,8394.5159,1.0,1.0
2020-01-28,9374.21,-0.5093,0.575,8393.0941,1.0,1.0
2020-01-29,9301.53,-0.5131,0.5546,8390.2711,1.0,1.0
2020-01-30,9513.21,-0.502,0.5309,8384.7592,1.0,1.0
2020-01-31,9352.89,-0.5104,0.5262,8376.3433,1.0,1.0
2020-02-01,9384.61,-0.5087,0.5233,8368.4605,1.0,1.0
2020-02-02,9331.51,-0.5115,0.5215,8360.2407,1.0,1.0
2020-02-03,9292.24,-0.5136,0.3961,8353.5307,1.0,1.0
2020-02-04,9197.02,-0.5185,0.3999,8345.1383,1.0,1.0
2020-02-05,9612.04,-0.4968,0.4329,8340.0107,1.0,1.0
2020-02-06,9772.0,-0.4884,0.4294,8336.4699,1.0,1.0
2020-02-07,9813.73,-0.4863,0.4289,8334.5738,1.0,1.0
2020-02-08,9895.05,-0.482,0.4085,8332.8186,1.0,1.0
2020-02-09,10151.75,-0.4686,0.4118,8331.0635,1.0,1.0
2020-02-10,9851.83,-0.4843,0.4423,8327.7953,1.0,1.0
2020-02-11,10223.08,-0.4648,0.4576,8327.0491,1.0,1.0
2020-02-12,10326.46,-0.4594,0.4195,8327.2121,1.0,1.0
2020-02-13,10229.63,-0.4645,0.4272,8327.0675,1.0,1.0
2020-02-14,10344.36,-0.4585,0.4163,8328.1111,1.0,1.0
2020-02-15,9904.72,-0.4815,0.4639,8326.4293,1.0,1.0
2020-02-16,9917.27,-0.4808,0.4488,8324.2492,1.0,1.0
2020-02-17,9706.0,-0.4919,0.4125,8321.1653,1.0,1.0
2020-02-18,10164.71,-0.4679,0.4512,8322.3541,1.0,1.0
2020-02-19,9593.79,-0.4978,0.5153,8319.4535,1.0,1.0
2020-02-20,9596.42,-0.4976,0.5093,8318.748,1.0,1.0
2020-02-21,9677.05,-0.4934,0.5102,8326.6407,1.0,1.0
2020-02-22,9650.86,-0.4948,0.5095,8334.7795,1.0,1.0
2020-02-23,9936.4,-0.4798,0.5219,8347.2639,1.0,1.0
2020-02-24,9656.13,-0.4945,0.5368,8357.1187,1.0,1.0
2020-02-25,9315.84,-0.5123,0.5261,8364.5656,1.0,1.0
2020-02-26,8785.25,-0.5401,0.5724,8369.5085,1.0,1.0
2020-02-27,8823.21,-0.5381,0.5724,8373.0676,1.0,1.0
2020-02-28,8692.91,-0.5449,0.5704,8375.7374,1.0,1.0
2020-02-29,8523.61,-0.5538,0.554,8376.8285,1.0,1.0
2020-03-01,8531.88,-0.5534,0.547,8378.8813,1.0,1.0
2020-03-02,8915.24,-0.5333,0.5585,8384.0687,1.0,1.0
2020-03-03,8760.07,-0.5414,0.5548,8388.2946,1.0,1.0
2020-03-04,8750.87,-0.5419,0.5557,8394.2721,1.0,1.0
2020-03-05,9054.68,-0.526,0.5789,8400.036,1.0,1.0
2020-03-06,9131.88,-0.522,0.5576,8406.4593,1.0,1.0
2020-03-07,8886.66,-0.5348,0.5656,8408.6321,1.0,1.0
2020-03-08,8033.31,-0.5795,0.6957,8405.1339,1.0,0.4
2020-03-09,7929.87,-0.5849,0.6492,8402.9431,0.0,0.4
2020-03-10,7894.56,-0.5867,0.6167,8400.2395,0.0,0.4
2020-03-11,7934.52,-0.5846,0.6185,8397.9696,0.0,0.4
2020-03-12,4800.0,-0.7487,2.1901,8374.3149,0.0,0.4
2020-03-13,5578.6,-0.708,2.3268,8357.1103,0.0,0.4
2020-03-14,5172.06,-0.7292,2.321,8338.3125,0.0,0.4
2020-03-15,5361.3,-0.7193,2.3394,8320.2506,0.0,0.4
2020-03-16,5028.97,-0.7367,2.344,8300.797,0.0,0.4
2020-03-17,5312.64,-0.7219,2.3682,8283.2279,0.0,0.4
2020-03-18,5393.04,-0.7177,2.3712,8264.3591,0.0,0.4
2020-03-19,6162.37,-0.6774,2.4655,8250.7931,0.0,0.4
2020-03-20,6208.36,-0.675,2.4677,8238.7155,0.0,0.4
2020-03-21,6186.98,-0.6761,2.4672,8230.1846,0.0,0.4
2020-03-22,5816.19,-0.6955,2.4592,8219.5431,0.0,0.4
2020-03-23,6467.31,-0.6614,2.5189,8204.9584,0.0,0.4
2020-03-24,6744.72,-0.6469,2.5302,8188.3899,0.0,0.4
2020-03-25,6677.43,-0.6504,2.5214,8169.3732,0.0,0.4
2020-03-26,6737.36,-0.6473,2.5215,8152.9213,0.0,0.4
2020-03-27,6359.11,-0.6671,2.5276,8132.5979,0.0,0.4
2020-03-28,6236.65,-0.6735,2.4993,8113.1441,0.0,0.4
2020-03-29,5881.42,-0.6921,2.507,8091.4146,0.0,0.4
2020-03-30,6394.38,-0.6653,2.5421,8072.4997,0.0,0.4
2020-03-31,6410.44,-0.6644,2.5418,8053.3059,0.0,0.4
2020-04-01,6642.92,-0.6523,1.2548,8036.2939,0.0,0.4
2020-04-02,6794.09,-0.6443,1.102,8018.9655,0.0,0.4
2020-04-03,6734.1,-0.6475,1.0374,8001.8018,0.0,0.4
2020-04-04,6856.99,-0.641,1.0327,7985.2547,0.0,0.4
2020-04-05,6772.78,-0.6455,0.9817,7968.9653,0.0,0.4
2020-04-06,7329.9,-0.6163,1.0058,7959.3397,0.0,0.4
2020-04-07,7197.32,-0.6232,1.0164,7948.5925,0.0,0.4
2020-04-08,7361.28,-0.6146,0.8666,7937.4045,0.0,0.4
2020-04-09,7283.54,-0.6187,0.8706,7927.7397,0.0,0.4
2020-04-10,6858.92,-0.6409,0.9172,7914.6529,0.0,0.4
2020-04-11,6876.83,-0.64,0.8668,7901.9843,0.0,0.4
2020-04-12,6903.79,-0.6386,0.7471,7890.365,0.0,0.4
2020-04-13,6837.91,-0.642,0.7279,7879.4729,0.0,0.4
2020-04-14,6868.7,-0.6404,0.7265,7868.6574,0.0,0.4
2020-04-15,6621.24,-0.6534,0.7434,7856.1163,0.0,0.4
2020-04-16,7101.94,-0.6282,0.7559,7848.8815,0.0,0.4
2020-04-17,7027.55,-0.6321,0.7512,7841.5075,0.0,0.4
2020-04-18,7248.6,-0.6205,0.6988,7835.8448,0.0,0.4
2020-04-19,7120.74,-0.6272,0.6253,7832.4648,0.0,0.4
2020-04-20,6826.83,-0.6426,0.6575,7829.5221,0.0,0.4
2020-04-21,6841.37,-0.6419,0.6411,7826.3875,0.0,0.4
2020-04-22,7125.14,-0.627,0.657,7827.8665,0.0,0.4
2020-04-23,7482.39,-0.6083,0.6838,7830.352,0.0,0.4
2020-04-24,7505.0,-0.6071,0.6814,7832.6777,0.0,0.4
2020-04-25,7538.67,-0.6054,0.6772,7832.8787,0.0,0.4
2020-04-26,7693.1,-0.5973,0.596,7834.7028,0.0,0.4
2020-04-27,7774.62,-0.593,0.5895,7834.9357,0.0,0.4
2020-04-28,7738.98,-0.5949,0.5843,7836.2497,0.0,0.4
2020-04-29,8778.57,-0.5405,0.7832,7845.5009,1.0,1.0
2020-04-30,8620.0,-0.5488,0.7306,7854.339,1.0,1.0
2020-05-01,8826.96,-0.5379,0.7313,7864.5673,1.0,1.0
2020-05-02,8972.05,-0.5303,0.7304,7876.4189,1.0,1.0
2020-05-03,8894.16,-0.5344,0.7299,7886.4533,1.0,1.0
2020-05-04,8871.96,-0.5356,0.7321,7895.4165,1.0,1.0
2020-05-05,9021.83,-0.5277,0.6975,7905.6407,1.0,1.0
2020-05-06,9142.92,-0.5214,0.6528,7916.5261,1.0,1.0
2020-05-07,9986.4,-0.4772,0.7186,7934.1778,1.0,1.0
2020-05-08,9800.01,-0.487,0.7321,7951.3503,1.0,1.0
2020-05-09,9539.4,-0.5006,0.741,7966.8797,1.0,1.0
2020-05-10,8722.77,-0.5434,0.8326,7977.0443,1.0,1.0
2020-05-11,8561.52,-0.5518,0.8421,7985.7312,1.0,1.0
2020-05-12,8810.79,-0.5388,0.8356,7997.3761,1.0,1.0
2020-05-13,9309.37,-0.5127,0.8414,8011.9813,1.0,1.0
2020-05-14,9791.98,-0.4874,0.8572,8031.3164,1.0,1.0
2020-05-15,9316.42,-0.5123,0.8983,8049.2671,1.0,1.0
2020-05-16,9381.27,-0.5089,0.8973,8063.29,1.0,1.0
2020-05-17,9680.04,-0.4933,0.902,8080.1549,1.0,1.0
2020-05-18,9733.93,-0.4904,0.8997,8097.1289,1.0,1.0
2020-05-19,9775.53,-0.4883,0.7375,8114.7475,1.0,1.0
2020-05-20,9511.43,-0.5021,0.7442,8128.1474,1.0,1.0
2020-05-21,9068.65,-0.5253,0.7715,8139.8245,1.0,1.0
2020-05-22,9170.0,-0.52,0.7699,8152.586,1.0,1.0
2020-05-23,9179.15,-0.5195,0.7686,8165.7495,1.0,1.0
2020-05-24,8720.34,-0.5435,0.8012,8175.8717,1.0,1.0
2020-05-25,8900.35,-0.5341,0.8029,8186.8425,1.0,1.0
2020-05-26,8841.18,-0.5372,0.8007,8197.0094,1.0,1.0
2020-05-27,9204.07,-0.5182,0.7193,8209.1149,1.0,1.0
2020-05-28,9575.89,-0.4987,0.7393,8224.6475,1.0,1.0
2020-05-29,9427.07,-0.5065,0.7332,8239.5265,1.0,1.0
2020-05-30,9697.72,-0.4923,0.6233,8256.1723,1.0,1.0
2020-05-31,9448.27,-0.5054,0.6296,8272.7227,1.0,1.0
2020-06-01,10200.77,-0.466,0.6943,8291.7614,1.0,1.0
2020-06-02,9518.04,-0.5017,0.7322,8306.1876,1.0,1.0
2020-06-03,9666.24,-0.494,0.7014,8321.5709,1.0,1.0
2020-06-04,9789.06,-0.4876,0.6673,8335.1113,1.0,1.0
2020-06-05,9621.16,-0.4963,0.6722,8344.9505,1.0,1.0
2020-06-06,9666.3,-0.494,0.6588,8355.6859,1.0,1.0
2020-06-07,9746.99,-0.4898,0.6593,8368.5475,1.0,1.0
2020-06-08,9782.01,-0.4879,0.6592,8379.1141,1.0,1.0
2020-06-09,9772.43,-0.4884,0.6477,8390.7969,1.0,1.0
2020-06-10,9885.0,-0.4825,0.6099,8402.1303,1.0,1.0
2020-06-11,9280.4,-0.5142,0.6731,8409.9307,1.0,1.0
2020-06-12,9465.13,-0.5045,0.6781,8414.2982,1.0,1.0
2020-06-13,9473.34,-0.5041,0.6353,8418.6444,1.0,1.0
2020-06-14,9342.1,-0.511,0.6353,8422.7917,1.0,1.0
2020-06-15,9426.02,-0.5066,0.6345,8426.2099,1.0,1.0
2020-06-16,9525.59,-0.5013,0.6136,8430.2741,1.0,1.0
2020-06-17,9465.14,-0.5045,0.59,8435.3637,1.0,1.0
2020-06-18,9386.32,-0.5086,0.5873,8440.3235,1.0,1.0
2020-06-19,9310.23,-0.5126,0.5737,8444.1515,1.0,1.0
2020-06-20,9358.95,-0.5101,0.5641,8448.6621,1.0,1.0
2020-06-21,9294.69,-0.5134,0.445,8454.5966,1.0,1.0
2020-06-22,9685.69,-0.493,0.3827,8462.9079,1.0,1.0
2020-06-23,9624.89,-0.4961,0.3781,8471.4699,1.0,1.0
2020-06-24,9296.49,-0.5133,0.4006,8476.0132,1.0,1.0
2020-06-25,9249.49,-0.5158,0.3953,8478.2927,1.0,1.0
2020-06-26,9162.21,-0.5204,0.3954,8476.8793,1.0,1.0
2020-06-27,9012.0,-0.5282,0.3964,8474.9491,1.0,1.0
2020-06-28,9116.35,-0.5228,0.4007,8472.3034,1.0,1.0
2020-06-29,9192.56,-0.5188,0.4038,8471.2345,1.0,1.0
2020-06-30,9138.55,-0.5216,0.3986,8469.5941,1.0,1.0
2020-07-01,9232.0,-0.5167,0.3004,8468.9307,1.0,1.0
2020-07-02,9086.54,-0.5243,0.2933,8467.5594,1.0,1.0
2020-07-03,9058.26,-0.5258,0.293,8466.6343,1.0,1.0
2020-07-04,9135.46,-0.5218,0.2915,8463.4571,1.0,1.0
2020-07-05,9069.41,-0.5252,0.2889,8458.7732,1.0,1.0
2020-07-06,9344.2,-0.5108,0.3155,8455.643,1.0,1.0
2020-07-07,9257.39,-0.5154,0.3167,8451.3919,1.0,1.0
2020-07-08,9436.06,-0.506,0.3263,8446.6207,1.0,1.0
2020-07-09,9232.43,-0.5167,0.3381,8442.4913,1.0,1.0
2020-07-10,9288.34,-0.5138,0.3383,8436.2597,1.0,1.0
2020-07-11,9234.03,-0.5166,0.338,8428.9769,1.0,1.0
2020-07-12,9302.75,-0.513,0.2849,8422.7977,1.0,1.0
2020-07-13,9242.62,-0.5162,0.2849,8415.4527,1.0,1.0
2020-07-14,9255.85,-0.5155,0.2442,8411.1269,1.0,1.0
2020-07-15,9197.6,-0.5185,0.2447,8406.3291,1.0,1.0
2020-07-16,9133.72,-0.5219,0.2431,8402.5139,1.0,1.0
2020-07-17,9154.32,-0.5208,0.2318,8395.778,1.0,1.0
2020-07-18,9170.28,-0.5199,0.2268,8392.9546,1.0,1.0
2020-07-19,9208.99,-0.5179,0.2247,8390.3717,1.0,1.0
2020-07-20,9160.78,-0.5204,0.2244,8386.9299,1.0,1.0
2020-07-21,9390.0,-0.5084,0.2446,8385.1909,1.0,1.0
2020-07-22,9518.16,-0.5017,0.2382,8382.4026,1.0,1.0
2020-07-23,9603.27,-0.4973,0.2384,8382.0502,1.0,1.0
2020-07-24,9537.8,-0.5007,0.2405,8383.5299,1.0,1.0
2020-07-25,9700.42,-0.4922,0.2445,8389.6311,1.0,1.0
2020-07-26,9931.54,-0.4801,0.2326,8397.0199,1.0,1.0
2020-07-27,11029.96,-0.4226,0.4877,8412.6003,1.0,1.0
2020-07-28,10906.27,-0.4291,0.4926,8428.4847,1.0,1.0
2020-07-29,11100.53,-0.4189,0.4765,8445.609,1.0,1.0
2020-07-30,11099.61,-0.4189,0.478,8460.1715,1.0,1.0
2020-07-31,11335.46,-0.4066,0.4758,8477.3407,1.0,1.0
2020-08-01,11801.17,-0.3822,0.4924,8497.6761,1.0,1.0
2020-08-02,11071.35,-0.4204,0.5857,8511.1205,1.0,1.0
2020-08-03,11219.81,-0.4127,0.5849,8525.0401,1.0,1.0
2020-08-04,11191.97,-0.4141,0.5831,8540.4088,1.0,1.0
2020-08-05,11744.91,-0.3852,0.6001,8565.1528,1.0,1.0
2020-08-06,11762.46,-0.3843,0.6003,8590.7034,1.0,1.0
2020-08-07,11594.23,-0.3931,0.6098,8615.3679,1.0,1.0
2020-08-08,11761.41,-0.3843,0.6089,8640.8805,1.0,1.0
2020-08-09,11681.68,-0.3885,0.6098,8686.7583,1.0,1.0
2020-08-10,11892.92,-0.3774,0.6078,8728.8538,1.0,1.0
2020-08-11,11392.08,-0.4036,0.6512,8770.3206,1.0,1.0
2020-08-12,11564.33,-0.3946,0.6517,8811.6741,1.0,1.0
2020-08-13,11780.0,-0.3833,0.6486,8856.681,1.0,1.0
2020-08-14,11760.54,-0.3844,0.65,8899.667,1.0,1.0
2020-08-15,11852.4,-0.3795,0.647,8942.7294,1.0,1.0
2020-08-16,11911.0,-0.3765,0.4817,8981.0536,1.0,1.0
2020-08-17,12281.13,-0.3571,0.4896,9021.5387,1.0,1.0
2020-08-18,11945.01,-0.3747,0.5069,9059.9256,1.0,1.0
2020-08-19,11754.59,-0.3847,0.5137,9099.5149,1.0,1.0
2020-08-20,11853.55,-0.3795,0.5079,9135.4232,1.0,1.0
2020-08-21,11531.34,-0.3963,0.4928,9167.334,1.0,1.0
2020-08-22,11662.96,-0.3895,0.4061,9200.5709,1.0,1.0
2020-08-23,11648.13,-0.3902,0.4035,9233.3093,1.0,1.0
2020-08-24,11748.2,-0.385,0.4039,9269.2366,1.0,1.0
2020-08-25,11318.42,-0.4075,0.3823,9303.1151,1.0,1.0
2020-08-26,11461.43,-0.4,0.387,9340.3151,1.0,1.0
2020-08-27,11330.38,-0.4069,0.3853,9373.2218,1.0,1.0
2020-08-28,11526.91,-0.3966,0.3877,9407.3316,1.0,1.0
2020-08-29,11465.84,-0.3998,0.3873,9439.4844,1.0,1.0
2020-08-30,11711.16,-0.3869,0.3906,9472.2649,1.0,1.0
2020-08-31,11649.51,-0.3902,0.3425,9505.0343,1.0,1.0
2020-09-01,11921.97,-0.3759,0.3505,9538.8008,1.0,1.0
2020-09-02,11388.54,-0.4038,0.3954,9569.5725,1.0,1.0
2020-09-03,10140.85,-0.4691,0.6284,9588.3122,1.0,1.0
2020-09-04,10446.25,-0.4532,0.6453,9609.9717,1.0,1.0
2020-09-05,10166.69,-0.4678,0.6491,9628.6745,1.0,1.0
2020-09-06,10256.2,-0.4631,0.6307,9648.4922,1.0,1.0
2020-09-07,10373.44,-0.457,0.6305,9671.9223,1.0,1.0
2020-09-08,10126.65,-0.4699,0.6336,9693.5878,1.0,1.0
2020-09-09,10219.2,-0.465,0.6339,9715.6905,1.0,1.0
2020-09-10,10336.87,-0.4589,0.632,9739.0169,1.0,1.0
2020-09-11,10387.89,-0.4562,0.6293,9762.4782,1.0,1.0
2020-09-12,10440.92,-0.4534,0.6308,9787.9427,1.0,1.0
2020-09-13,10332.83,-0.4591,0.6279,9809.482,1.0,1.0
2020-09-14,10671.77,-0.4413,0.6325,9833.7768,1.0,1.0
2020-09-15,10785.31,-0.4354,0.6317,9857.3549,1.0,1.0
2020-09-16,10954.01,-0.4266,0.6352,9882.91,1.0,1.0
2020-09-17,10939.99,-0.4273,0.6296,9910.3311,1.0,1.0
2020-09-18,10933.39,-0.4277,0.6295,9937.6112,1.0,1.0
2020-09-19,11080.65,-0.4199,0.6248,9963.9813,1.0,1.0
2020-09-20,10920.28,-0.4283,0.6267,9986.9005,1.0,1.0
2020-09-21,10417.22,-0.4547,0.6417,10006.3153,1.0,1.0
2020-09-22,10529.61,-0.4488,0.6208,10026.2549,1.0,1.0
2020-09-23,10241.46,-0.4639,0.3838,10043.244,1.0,1.0
2020-09-24,10736.32,-0.438,0.4154,10062.9887,1.0,1.0
2020-09-25,10686.67,-0.4406,0.3964,10082.6399,1.0,1.0
2020-09-26,10728.6,-0.4384,0.3955,10095.6401,1.0,1.0
2020-09-27,10774.25,-0.436,0.3935,10110.0018,1.0,1.0
2020-09-28,10696.12,-0.4401,0.3784,10122.4629,1.0,1.0
2020-09-29,10840.48,-0.4325,0.3803,10134.9191,1.0,1.0
2020-09-30,10776.59,-0.4359,0.38,10147.4686,1.0,1.0
2020-10-01,10619.13,-0.4441,0.3864,10159.1164,1.0,1.0
2020-10-02,10570.4,-0.4467,0.3867,10169.4402,1.0,1.0
2020-10-03,10542.06,-0.4481,0.3839,10178.7678,1.0,1.0
2020-10-04,10666.63,-0.4416,0.3611,10183.3027,1.0,1.0
2020-10-05,10792.21,-0.435,0.3618,10189.9173,1.0,1.0
2020-10-06,10599.66,-0.4451,0.3625,10196.9857,1.0,1.0
2020-10-07,10666.39,-0.4416,0.3641,10209.9432,1.0,1.0
2020-10-08,10925.57,-0.4281,0.3798,10225.7035,1.0,1.0
2020-10-09,11050.64,-0.4215,0.3786,10240.6359,1.0,1.0
2020-10-10,11293.22,-0.4088,0.3837,10253.8615,1.0,1.0
2020-10-11,11369.02,-0.4048,0.3148,10264.3751,1.0,1.0
2020-10-12,11528.25,-0.3965,0.3163,10279.1207,1.0,1.0
2020-10-13,11420.56,-0.4021,0.2888,10292.7159,1.0,1.0
2020-10-14,11417.89,-0.4023,0.22,10304.3016,1.0,1.0
2020-10-15,11505.12,-0.3977,0.218,10316.1095,1.0,1.0
2020-10-16,11319.32,-0.4074,0.2341,10326.4015,1.0,1.0
2020-10-17,11360.2,-0.4053,0.234,10338.7266,1.0,1.0
2020-10-18,11503.14,-0.3978,0.2332,10354.9565,1.0,1.0
2020-10-19,11751.47,-0.3848,0.2419,10372.1663,1.0,1.0
2020-10-20,11909.99,-0.3765,0.2407,10390.3719,1.0,1.0
2020-10-21,12780.96,-0.3309,0.3551,10417.4427,1.0,1.0
2020-10-22,12968.52,-0.3211,0.3501,10444.5639,1.0,1.0
2020-10-23,12923.07,-0.3235,0.3507,10471.7765,1.0,1.0
2020-10-24,13111.73,-0.3136,0.3511,10497.8275,1.0,1.0
2020-10-25,13028.83,-0.318,0.3582,10520.8471,1.0,1.0
2020-10-26,13052.19,-0.3167,0.3385,10545.0146,1.0,1.0
2020-10-27,13636.17,-0.2862,0.3665,10571.2709,1.0,1.0
2020-10-28,13266.4,-0.3055,0.3994,10596.7251,1.0,1.0
2020-10-29,13455.7,-0.2956,0.3998,10618.4247,1.0,1.0
2020-10-30,13560.1,-0.2901,0.3962,10645.3717,1.0,1.0
2020-10-31,13791.0,-0.2781,0.3974,10672.8701,1.0,1.0
2020-11-01,13761.5,-0.2796,0.4,10699.3531,1.0,1.0
2020-11-02,13549.37,-0.2907,0.4062,10725.5411,1.0,1.0
2020-11-03,14023.53,-0.2659,0.4186,10754.5893,1.0,1.0
2020-11-04,14144.01,-0.2596,0.4185,10783.9028,1.0,1.0
2020-11-05,15590.02,-0.1839,0.5428,10822.6229,1.0,1.0
2020-11-06,15579.92,-0.1844,0.5449,10861.3395,1.0,1.0
2020-11-07,14818.3,-0.2243,0.6135,10894.2281,1.0,1.0
2020-11-08,15475.1,-0.1899,0.6266,10935.5261,1.0,1.0
2020-11-09,15328.41,-0.1976,0.6345,10974.6147,1.0,1.0
2020-11-10,15297.21,-0.1992,0.5806,11013.4405,1.0,1.0
2020-11-11,15684.24,-0.1789,0.5842,11055.7214,1.0,1.0
2020-11-12,16291.86,-0.1471,0.5933,11101.4937,1.0,1.0
2020-11-13,16320.7,-0.1456,0.5946,11146.7944,1.0,1.0
2020-11-14,16070.45,-0.1587,0.6009,11190.8298,1.0,1.0
2020-11-15,15957.0,-0.1647,0.6045,11234.6343,1.0,1.0
2020-11-16,16713.57,-0.1251,0.6074,11283.9899,1.0,1.0
2020-11-17,17659.38,-0.0756,0.6114,11339.3261,1.0,1.0
2020-11-18,17776.12,-0.0694,0.6123,11395.869,1.0,1.0
2020-11-19,17802.82,-0.068,0.6141,11449.9832,1.0,1.0
2020-11-20,18655.67,-0.0234,0.6302,11510.1884,1.0,1.0
2020-11-21,18703.8,-0.0209,0.628,11572.9038,1.0,1.0
2020-11-22,18414.43,-0.036,0.6281,11634.0034,1.0,1.0
2020-11-23,18368.0,-0.0385,0.6264,11695.3753,1.0,1.0
2020-11-24,19160.01,0.0,0.6377,11763.0287,1.0,1.0
2020-11-25,18719.11,-0.023,0.5398,11827.0471,1.0,1.0
2020-11-26,17149.47,-0.1049,0.6797,11880.0932,1.0,1.0
2020-11-27,17139.52,-0.1055,0.6342,11933.433,1.0,1.0
2020-11-28,17719.85,-0.0752,0.6246,11990.0187,1.0,1.0
2020-11-29,18184.99,-0.0509,0.6252,12050.675,1.0,1.0
2020-11-30,19695.87,0.0,0.6927,12121.5924,1.0,1.0
2020-12-01,18764.96,-0.0473,0.7371,12185.7891,1.0,1.0
2020-12-02,19204.09,-0.025,0.7286,12253.3536,1.0,1.0
2020-12-03,19421.9,-0.0139,0.7281,12320.5383,1.0,1.0
2020-12-04,18650.52,-0.0531,0.7516,12383.1591,1.0,1.0
2020-12-05,19147.66,-0.0278,0.7527,12447.9031,1.0,1.0
2020-12-06,19359.4,-0.0171,0.734,12515.4163,1.0,1.0
2020-12-07,19166.9,-0.0269,0.7049,12581.2733,1.0,1.0
2020-12-08,18324.11,-0.0696,0.7351,12641.8739,1.0,1.0
2020-12-09,18541.28,-0.0586,0.7364,12703.4641,1.0,1.0
2020-12-10,18254.63,-0.0732,0.7114,12763.5441,1.0,1.0
2020-12-11,18036.53,-0.0842,0.7127,12822.082,1.0,1.0
2020-12-12,18808.69,-0.045,0.7334,12886.1559,1.0,1.0
2020-12-13,19174.99,-0.0264,0.7372,12953.0977,1.0,1.0
2020-12-14,19273.14,-0.0215,0.7152,13020.5565,1.0,1.0
2020-12-15,19426.43,-0.0137,0.7078,13088.9309,1.0,1.0
2020-12-16,21335.52,0.0,0.6914,13169.7744,1.0,1.0
2020-12-17,22797.16,0.0,0.728,13260.6836,1.0,1.0
2020-12-18,23107.39,0.0,0.7229,13352.1329,1.0,1.0
2020-12-19,23821.61,0.0,0.7247,13447.4892,1.0,1.0
2020-12-20,23455.52,-0.0154,0.6694,13539.8375,1.0,1.0
2020-12-21,22719.71,-0.0463,0.6456,13627.7169,1.0,1.0
2020-12-22,23810.79,-0.0005,0.663,13721.7861,1.0,1.0
2020-12-23,23232.76,-0.0247,0.6799,13810.4609,1.0,1.0
2020-12-24,23729.2,-0.0039,0.6438,13895.1225,1.0,1.0
2020-12-25,24712.47,0.0,0.6527,13987.1638,1.0,1.0
2020-12-26,26493.39,0.0,0.6962,14089.7829,1.0,1.0
2020-12-27,26281.66,-0.008,0.6948,14190.9965,1.0,1.0
2020-12-28,27079.41,0.0,0.6406,14295.9562,1.0,1.0
2020-12-29,27385.0,0.0,0.6407,14399.8484,1.0,1.0
2020-12-30,28875.54,0.0,0.6356,14518.543,1.0,1.0
2020-12-31,28923.63,0.0,0.6237,14636.5685,1.0,1.0
2021-01-01,29331.69,0.0,0.6193,14757.4999,1.0,1.0
2021-01-02,32178.33,0.0,0.6881,14893.7227,1.0,1.0
2021-01-03,33000.05,0.0,0.6817,15035.3067,1.0,1.0
2021-01-04,31988.71,-0.0306,0.7218,15171.2699,1.0,1.0
2021-01-05,33949.53,0.0,0.6723,15319.1907,1.0,1.0
2021-01-06,36769.36,0.0,0.6911,15486.4419,1.0,1.0
2021-01-07,39432.28,0.0,0.7164,15670.0376,1.0,1.0
2021-01-08,40582.81,0.0,0.7162,15864.6425,1.0,1.0
2021-01-09,40088.22,-0.0122,0.7127,16054.8017,1.0,1.0
2021-01-10,38150.02,-0.0599,0.744,16230.6019,1.0,1.0
2021-01-11,35404.47,-0.1276,0.8517,16388.2281,1.0,1.0
2021-01-12,34051.24,-0.1609,0.8681,16536.2203,1.0,1.0
2021-01-13,37371.38,-0.0791,0.9239,16705.9562,1.0,1.0
2021-01-14,39144.5,-0.0354,0.9264,16885.0453,1.0,1.0
2021-01-15,36742.22,-0.0946,0.9709,17050.3601,1.0,1.0
2021-01-16,35994.98,-0.113,0.9784,17211.9627,1.0,1.0
2021-01-17,35828.61,-0.1171,0.9799,17371.7964,1.0,1.0
2021-01-18,36631.27,-0.0974,0.9804,17539.1293,1.0,1.0
2021-01-19,35891.49,-0.1156,0.9752,17700.6528,1.0,1.0
2021-01-20,35468.23,-0.126,0.9794,17859.4535,1.0,1.0
2021-01-21,30850.13,-0.2398,1.1691,17986.7997,0.8554,1.0
2021-01-22,32945.17,-0.1882,1.1344,18130.978,0.8815,0.9815
2021-01-23,32078.0,-0.2096,1.1349,18268.4218,0.8811,1.0
2021-01-24,32259.9,-0.2051,1.1273,18407.9519,0.8871,1.0
2021-01-25,32254.2,-0.2052,1.0956,18546.1339,0.9128,1.0
2021-01-26,32467.77,-0.2,1.0327,18686.1467,0.9683,1.0
2021-01-27,30366.15,-0.2517,1.0039,18810.5133,0.9961,1.0
2021-01-28,33364.86,-0.1779,1.0914,18955.2823,0.9163,1.0
2021-01-29,34252.2,-0.156,1.1021,19104.1505,0.9074,1.0
2021-01-30,34262.88,-0.1557,1.0863,19256.6461,0.9206,1.0
2021-01-31,33092.98,-0.1846,1.0501,19409.6603,0.9523,1.0
2021-02-01,33526.37,-0.1739,1.0397,19563.5278,0.9618,1.0
2021-02-02,35466.24,-0.1261,0.9865,19732.1915,1.0,1.0
2021-02-03,37618.87,-0.073,0.9998,19914.6093,1.0,1.0
2021-02-04,36936.66,-0.0898,0.9646,20091.6974,1.0,1.0
2021-02-05,38290.24,-0.0565,0.9714,20279.4547,1.0,1.0
2021-02-06,39186.94,-0.0344,0.9744,20472.5729,1.0,1.0
2021-02-07,38795.69,-0.044,0.9729,20662.2984,1.0,1.0
2021-02-08,46374.87,0.0,1.2208,20902.2116,0.8191,0.8191
2021-02-09,46420.42,0.0,1.217,21142.0749,0.8217,0.8217
2021-02-10,44807.58,-0.0347,1.033,21371.9066,0.968,0.968
2021-02-11,47969.51,0.0,1.0352,21620.5582,0.966,0.966
2021-02-12,47287.6,-0.0142,1.0261,21863.9068,0.9745,0.9745
2021-02-13,47153.69,-0.017,1.029,22105.238,0.9719,0.9719
2021-02-14,48577.79,0.0,1.0262,22356.1567,0.9745,0.9745
2021-02-15,47911.1,-0.0137,1.0352,22602.6747,0.966,0.966
2021-02-16,49133.45,0.0,0.9595,22856.3601,1.0,1.0
2021-02-17,52119.71,0.0,0.9212,23131.0229,1.0,1.0
2021-02-18,51552.6,-0.0109,0.9317,23405.2588,1.0,1.0
2021-02-19,55906.0,0.0,0.9616,23707.7681,1.0,1.0
2021-02-20,55841.19,-0.0012,0.9321,24011.7663,1.0,1.0
2021-02-21,57408.57,0.0,0.9303,24322.9146,1.0,1.0
2021-02-22,54087.67,-0.0578,0.9898,24612.2546,1.0,1.0
2021-02-23,48891.0,-0.1484,1.1018,24866.6706,0.9076,1.0
2021-02-24,49676.2,-0.1347,1.0928,25126.0169,0.9151,1.0
2021-02-25,47073.73,-0.18,1.1262,25368.5343,0.888,0.988
2021-02-26,46276.87,-0.1939,1.1305,25604.7769,0.8846,0.9846
2021-02-27,46106.43,-0.1969,1.1288,25840.3092,0.8859,0.9859
2021-02-28,45135.66,-0.2138,0.8361,26070.4194,1.0,1.0
2021-03-01,49587.03,-0.1362,0.9303,26330.5303,1.0,1.0
2021-03-02,48440.65,-0.1562,0.9222,26583.1875,1.0,1.0
2021-03-03,50349.37,-0.123,0.8907,26847.7391,1.0,1.0
2021-03-04,48374.09,-0.1574,0.9066,27098.285,1.0,1.0
2021-03-05,48751.71,-0.1508,0.9068,27352.632,1.0,1.0
2021-03-06,48882.2,-0.1485,0.8981,27607.4041,1.0,1.0
2021-03-07,50971.75,-0.1121,0.9126,27874.3786,1.0,1.0
2021-03-08,52375.17,-0.0877,0.9136,28149.8755,1.0,1.0
2021-03-09,54884.5,-0.044,0.9006,28440.484,1.0,1.0
2021-03-10,55851.59,-0.0271,0.9006,28737.0345,1.0,1.0
2021-03-11,57773.16,0.0,0.8438,29045.3339,1.0,1.0
2021-03-12,57221.72,-0.0095,0.8451,29350.6749,1.0,1.0
2021-03-13,61188.39,0.0,0.8845,29682.4783,1.0,1.0
2021-03-14,58968.31,-0.0363,0.8586,29998.8995,1.0,1.0
2021-03-15,55605.2,-0.0912,0.7737,30294.1387,1.0,1.0
2021-03-16,56900.75,-0.0701,0.776,30597.7424,1.0,1.0
2021-03-17,58912.97,-0.0372,0.7343,30913.8079,1.0,1.0
2021-03-18,57648.16,-0.0579,0.7379,31219.7859,1.0,1.0
2021-03-19,58030.01,-0.0516,0.7353,31527.2527,1.0,1.0
2021-03-20,58102.28,-0.0504,0.7222,31829.3948,1.0,1.0
2021-03-21,57351.56,-0.0627,0.6291,32125.2817,1.0,1.0
2021-03-22,54083.25,-0.1161,0.6783,32399.6829,1.0,1.0
2021-03-23,54340.89,-0.1119,0.6617,32674.544,1.0,1.0
2021-03-24,52303.65,-0.1452,0.6595,32936.3761,1.0,1.0
2021-03-25,51293.78,-0.1617,0.6667,33191.3201,1.0,1.0
2021-03-26,55025.59,-0.1007,0.7267,33467.2495,1.0,1.0
2021-03-27,55817.14,-0.0878,0.7098,33750.9211,1.0,1.0
2021-03-28,55777.63,-0.0884,0.7027,34033.0673,1.0,1.0
2021-03-29,57635.47,-0.0581,0.6884,34326.9031,1.0,1.0
2021-03-30,58746.57,-0.0399,0.6891,34626.6069,1.0,1.0
2021-03-31,58740.55,-0.04,0.6746,34926.4673,1.0,1.0
2021-04-01,58720.44,-0.0403,0.673,35227.6077,1.0,1.0
2021-04-02,58950.01,-0.0366,0.6052,35527.1176,1.0,1.0
2021-04-03,57051.94,-0.0676,0.6007,35813.1705,1.0,1.0
2021-04-04,58202.01,-0.0488,0.5489,36097.2504,1.0,1.0
2021-04-05,59129.99,-0.0336,0.5445,36387.5842,1.0,1.0
2021-04-06,57991.15,-0.0523,0.5308,36675.4032,1.0,1.0
2021-04-07,55953.45,-0.0856,0.5447,36945.2589,1.0,1.0
2021-04-08,58077.52,-0.0508,0.5686,37230.2529,1.0,1.0
2021-04-09,58142.54,-0.0498,0.5686,37515.8885,1.0,1.0
2021-04-10,59769.13,-0.0232,0.5771,37809.7877,1.0,1.0
2021-04-11,60002.43,-0.0194,0.5084,38101.1915,1.0,1.0
2021-04-12,59860.0,-0.0217,0.5095,38391.4535,1.0,1.0
2021-04-13,63575.0,0.0,0.523,38708.1505,1.0,1.0
2021-04-14,62959.53,-0.0097,0.5141,39021.5007,1.0,1.0
2021-04-15,63159.98,-0.0065,0.438,39331.1435,1.0,1.0
2021-04-16,61334.8,-0.0352,0.4628,39622.3129,1.0,1.0
2021-04-17,60006.66,-0.0561,0.4762,39903.8499,1.0,1.0
2021-04-18,56150.01,-0.1168,0.5435,40159.4978,1.0,1.0
2021-04-19,55633.14,-0.1249,0.5365,40406.0143,1.0,1.0
2021-04-20,56425.0,-0.1125,0.5413,40657.4889,1.0,1.0
2021-04-21,53787.63,-0.1539,0.5755,40893.3103,1.0,1.0
2021-04-22,51690.96,-0.1869,0.5933,41115.4633,1.0,1.0
2021-04-23,51125.14,-0.1958,0.5821,41328.5642,1.0,1.0
2021-04-24,50047.84,-0.2128,0.5741,41537.4224,1.0,1.0
2021-04-25,49066.77,-0.2282,0.5663,41750.2044,1.0,1.0
2021-04-26,54001.39,-0.1506,0.72,41995.9502,1.0,1.0
2021-04-27,55011.97,-0.1347,0.7107,42244.5643,1.0,1.0
2021-04-28,54846.22,-0.1373,0.6897,42488.9725,1.0,1.0
2021-04-29,53555.0,-0.1576,0.6951,42714.7001,1.0,1.0
2021-04-30,57694.27,-0.0925,0.7618,42974.2288,1.0,1.0
2021-05-01,57800.37,-0.0908,0.7616,43231.5373,1.0,1.0
2021-05-02,56578.21,-0.1101,0.7661,43479.2461,1.0,1.0
2021-05-03,57169.39,-0.1008,0.7153,43736.0385,1.0,1.0
2021-05-04,53200.01,-0.1632,0.77,43963.0542,1.0,1.0
2021-05-05,57436.11,-0.0966,0.8509,44216.8989,1.0,1.0
2021-05-06,56393.68,-0.113,0.8461,44465.0775,1.0,1.0
2021-05-07,57314.75,-0.0985,0.8464,44725.0151,1.0,1.0
2021-05-08,58862.05,-0.0741,0.8032,44993.8202,1.0,1.0
2021-05-09,58240.84,-0.0839,0.8036,45260.3949,1.0,1.0
2021-05-10,55816.14,-0.122,0.8238,45512.259,1.0,1.0
2021-05-11,56670.02,-0.1086,0.7978,45764.6679,1.0,1.0
2021-05-12,49631.32,-0.2193,0.9721,45967.7101,1.0,1.0
2021-05-13,49670.97,-0.2187,0.9713,46170.3623,1.0,1.0
2021-05-14,49841.45,-0.216,0.9674,46373.1291,1.0,1.0
2021-05-15,46762.99,-0.2644,1.0021,46542.6455,0.9979,1.0
2021-05-16,46431.5,-0.2697,0.8995,46700.2078,1.0,1.0
2021-05-17,43538.04,-0.3152,0.9227,46836.4121,0.0,0.3
2021-05-18,42849.78,-0.326,0.922,46963.2666,0.0,0.3
2021-05-19,36690.09,-0.4229,1.1059,47051.4971,0.0,0.4
2021-05-20,40526.64,-0.3625,1.1507,47170.2099,0.0,0.3
2021-05-21,37252.01,-0.414,1.181,47259.8181,0.0,0.4
2021-05-22,37449.73,-0.4109,1.1868,47354.5979,0.0,0.4
2021-05-23,34655.25,-0.4549,1.202,47427.4382,0.0,0.4
2021-05-24,38796.29,-0.3898,1.3172,47521.3303,0.0,0.3
2021-05-25,38324.72,-0.3972,1.2504,47600.2059,0.0,0.3
2021-05-26,39241.91,-0.3827,1.2644,47686.6075,0.0,0.3
2021-05-27,38529.98,-0.3939,1.255,47762.9447,0.0,0.3
2021-05-28,35663.49,-0.439,1.2596,47818.1346,0.0,0.4
2021-05-29,34605.15,-0.4557,1.258,47856.332,0.0,0.4
2021-05-30,35641.27,-0.4394,1.2774,47901.1163,0.0,0.4
2021-05-31,37253.81,-0.414,1.2997,47953.9304,0.0,0.4
2021-06-01,36693.09,-0.4228,1.1988,47984.0288,0.0,0.4
2021-06-02,37568.68,-0.4091,1.2085,48014.4863,0.0,0.4
2021-06-03,39246.79,-0.3827,1.2316,48062.8735,0.0,0.3
2021-06-04,36829.0,-0.4207,1.2315,48082.07,0.0,0.4
2021-06-05,35513.2,-0.4414,1.2356,48073.6956,0.0,0.4
2021-06-06,35796.31,-0.4369,1.2168,48049.4558,0.0,0.4
2021-06-07,33552.79,-0.4722,1.2392,48002.589,0.0,0.4
2021-06-08,33380.81,-0.4749,1.0594,47957.8729,0.0,0.4
2021-06-09,37388.05,-0.4119,1.087,47952.7931,0.0,0.4
2021-06-10,36675.72,-0.4231,1.0288,47961.2681,0.0,0.4
2021-06-11,37331.98,-0.4128,1.0315,47983.1397,0.0,0.4
2021-06-12,35546.11,-0.4409,0.997,47970.9713,0.0,0.4
2021-06-13,39020.57,-0.3862,0.9576,47970.1451,0.0,0.3
2021-06-14,40516.29,-0.3627,0.9687,47995.3055,0.0,0.3
2021-06-15,40144.04,-0.3686,0.9653,48022.9659,0.0,0.3
2021-06-16,38349.01,-0.3968,0.9828,48039.7686,0.0,0.3
2021-06-17,38092.97,-0.4008,0.9208,48049.5133,0.0,0.4
2021-06-18,35819.84,-0.4366,0.9519,48049.0356,0.0,0.4
2021-06-19,35483.72,-0.4419,0.9446,48049.1389,0.0,0.4
2021-06-20,35600.16,-0.44,0.9235,48080.8057,0.0,0.4
2021-06-21,31608.93,-0.5028,1.0492,48071.8975,0.0,0.4
2021-06-22,32509.56,-0.4886,1.0519,48074.7745,0.0,0.4
2021-06-23,33678.07,-0.4703,1.0447,48084.229,0.0,0.4
2021-06-24,34663.09,-0.4548,1.024,48100.2883,0.0,0.4
2021-06-25,31584.45,-0.5032,1.0861,48094.3995,0.0,0.4
2021-06-26,32283.65,-0.4922,1.0912,48107.1828,0.0,0.4
2021-06-27,34700.34,-0.4542,1.1043,48116.086,0.0,0.4
2021-06-28,34494.89,-0.4574,1.1044,48117.7039,0.0,0.4
2021-06-29,35911.73,-0.4351,1.0017,48128.6963,0.0,0.4
2021-06-30,35045.0,-0.4488,1.0036,48141.7097,0.0,0.4
2021-07-01,33504.69,-0.473,1.0153,48141.5652,0.0,0.4
2021-07-02,33786.55,-0.4686,0.9974,48130.3673,0.0,0.4
2021-07-03,34669.13,-0.4547,0.9108,48110.7023,0.0,0.4
2021-07-04,35286.51,-0.445,0.8963,48099.7013,0.0,0.4
2021-07-05,33690.14,-0.4701,0.912,48069.034,0.0,0.4
2021-07-06,34220.01,-0.4617,0.9018,48035.9211,0.0,0.4
2021-07-07,33862.12,-0.4674,0.9021,48003.0307,0.0,0.4
2021-07-08,32875.71,-0.4829,0.8741,47913.0363,0.0,0.4
2021-07-09,33815.81,-0.4681,0.8845,47829.0055,0.0,0.4
2021-07-10,33502.87,-0.473,0.8846,47753.6408,0.0,0.4
2021-07-11,34258.99,-0.4611,0.7196,47662.2373,0.0,0.4
2021-07-12,33086.63,-0.4796,0.7293,47567.5642,0.0,0.4
2021-07-13,32729.77,-0.4852,0.7139,47471.4047,0.0,0.4
2021-07-14,32820.02,-0.4838,0.7013,47366.3529,0.0,0.4
2021-07-15,31880.0,-0.4985,0.587,47259.4789,0.0,0.4
2021-07-16,31383.87,-0.5063,0.5826,47141.1484,0.0,0.4
2021-07-17,31520.07,-0.5042,0.4812,47003.8175,0.0,0.4
2021-07-18,31778.56,-0.5001,0.4844,46871.9905,0.0,0.4
2021-07-19,30839.65,-0.5149,0.4527,46704.8815,0.0,0.4
2021-07-20,29790.35,-0.5314,0.462,46531.2093,0.0,0.4
2021-07-21,32144.51,-0.4944,0.5563,46362.7822,0.0,0.4
2021-07-22,32287.83,-0.4921,0.5551,46217.4499,0.0,0.4
2021-07-23,33634.09,-0.471,0.5732,46115.7372,0.0,0.4
2021-07-24,34258.14,-0.4611,0.5736,46012.9501,0.0,0.4
2021-07-25,35381.02,-0.4435,0.5535,45934.9987,0.0,0.4
2021-07-26,37237.6,-0.4143,0.5894,45874.7369,0.0,0.4
2021-07-27,39457.87,-0.3793,0.6278,45830.4132,0.0,0.3
2021-07-28,40019.56,-0.3705,0.6054,45796.3059,0.0,0.3
2021-07-29,40016.48,-0.3706,0.601,45732.5022,0.0,0.3
2021-07-30,42206.37,-0.3361,0.6245,45690.9403,0.0,0.3
2021-07-31,41461.83,-0.3478,0.6347,45631.6901,0.0,0.3
2021-08-01,39845.44,-0.3733,0.6416,45574.8324,0.0,0.3
2021-08-02,39147.82,-0.3842,0.6464,45510.8065,0.0,0.3
2021-08-03,38207.05,-0.399,0.6615,45439.6388,0.0,0.3
2021-08-04,39723.18,-0.3752,0.6528,45364.6483,0.0,0.3
2021-08-05,40862.46,-0.3573,0.6453,45287.8969,0.0,0.3
2021-08-06,42836.87,-0.3262,0.6598,45207.5794,0.0,0.3
2021-08-07,44572.54,-0.2989,0.6669,45132.3857,0.0,0.2
2021-08-08,43794.37,-0.3111,0.6521,45039.1938,0.0,0.3
2021-08-09,46253.4,-0.2725,0.626,44966.0717,0.0,0.2
2021-08-10,45584.99,-0.283,0.5945,44862.049,0.0,0.2
2021-08-11,45511.0,-0.2841,0.5976,44772.3336,0.0,0.2
2021-08-12,44399.0,-0.3016,0.6132,44697.6256,0.0,0.3
2021-08-13,47800.0,-0.2481,0.6646,44636.9539,1.0,1.0
2021-08-14,47068.51,-0.2596,0.6742,44557.9909,1.0,1.0
2021-08-15,46973.82,-0.2611,0.6564,44486.8286,1.0,1.0
2021-08-16,45901.29,-0.278,0.6375,44405.9705,1.0,1.0
2021-08-17,44695.95,-0.297,0.6531,44316.5949,1.0,1.0
2021-08-18,44705.29,-0.2968,0.653,44232.2865,1.0,1.0
2021-08-19,46760.62,-0.2645,0.6422,44183.4689,1.0,1.0
2021-08-20,49322.47,-0.2242,0.6649,44150.0128,1.0,1.0
2021-08-21,48821.87,-0.2321,0.6348,44126.8009,1.0,1.0
2021-08-22,49239.22,-0.2255,0.6225,44113.1039,1.0,1.0
2021-08-23,49488.85,-0.2216,0.6024,44076.1923,1.0,1.0
2021-08-24,47674.01,-0.2501,0.6269,44021.9047,1.0,1.0
2021-08-25,48973.32,-0.2297,0.6261,43976.5427,1.0,1.0
2021-08-26,46843.87,-0.2632,0.6411,43904.5987,1.0,1.0
2021-08-27,49069.9,-0.2282,0.6487,43840.0875,1.0,1.0
2021-08-28,48895.35,-0.2309,0.6422,43774.4529,1.0,1.0
2021-08-29,48767.83,-0.2329,0.6034,43708.1021,1.0,1.0
2021-08-30,46982.91,-0.261,0.6234,43628.3215,1.0,1.0
2021-08-31,47100.89,-0.2591,0.6232,43561.9811,1.0,1.0
2021-09-01,48810.52,-0.2322,0.6274,43499.3712,1.0,1.0
2021-09-02,49246.64,-0.2254,0.5461,43433.4822,1.0,1.0
2021-09-03,49999.14,-0.2135,0.5435,43380.2021,1.0,1.0
2021-09-04,49915.64,-0.2149,0.5435,43339.9501,1.0,1.0
2021-09-05,51756.88,-0.1859,0.5477,43297.8125,1.0,1.0
2021-09-06,52663.9,-0.1716,0.5293,43261.2882,1.0,1.0
2021-09-07,46863.73,-0.2629,0.752,43175.2522,1.0,1.0
2021-09-08,46048.31,-0.2757,0.7311,43082.2247,1.0,1.0
2021-09-09,46395.14,-0.2702,0.691,42992.459,1.0,1.0
2021-09-10,44850.91,-0.2945,0.703,42867.6317,1.0,1.0
2021-09-11,45173.69,-0.2894,0.7026,42749.0595,1.0,1.0
2021-09-12,46025.24,-0.276,0.7085,42634.8279,1.0,1.0
2021-09-13,44940.73,-0.2931,0.6984,42525.5341,1.0,1.0
2021-09-14,47111.52,-0.259,0.7201,42439.5665,1.0,1.0
2021-09-15,48121.41,-0.2431,0.6999,42386.0425,1.0,1.0
2021-09-16,47737.82,-0.2491,0.6706,42333.407,1.0,1.0
2021-09-17,47299.98,-0.256,0.6714,42272.5735,1.0,1.0
2021-09-18,48292.74,-0.2404,0.6781,42235.9409,1.0,1.0
2021-09-19,47241.75,-0.2569,0.6652,42206.2795,1.0,1.0
2021-09-20,43015.62,-0.3234,0.7767,42152.2161,1.0,1.0
2021-09-21,40734.38,-0.3593,0.7825,42090.1263,1.0,0.3
2021-09-22,43543.61,-0.3151,0.8445,42053.3053,1.0,1.0
2021-09-23,44865.26,-0.2943,0.8539,41992.3977,1.0,1.0
2021-09-24,42810.57,-0.3266,0.8718,41911.0551,1.0,1.0
2021-09-25,42670.64,-0.3288,0.8496,41829.8845,1.0,1.0
2021-09-26,43160.9,-0.3211,0.8463,41760.5905,1.0,1.0
2021-09-27,42147.35,-0.337,0.702,41656.9444,1.0,1.0
2021-09-28,41026.54,-0.3547,0.7063,41545.1189,1.0,1.0
2021-09-29,41524.28,-0.3468,0.7082,41444.7593,1.0,1.0
2021-09-30,43824.1,-0.3107,0.7394,41355.7907,1.0,1.0
2021-10-01,48141.61,-0.2428,0.8437,41322.0681,1.0,1.0
2021-10-02,47634.9,-0.2507,0.8427,41256.7267,1.0,1.0
2021-10-03,48200.01,-0.2418,0.8356,41202.1022,1.0,1.0
2021-10-04,49224.94,-0.2257,0.8166,41148.1701,1.0,1.0
2021-10-05,51471.99,-0.1904,0.8331,41098.9031,1.0,1.0
2021-10-06,55315.0,-0.1299,0.8809,41079.3975,1.0,1.0
2021-10-07,53785.22,-0.154,0.8913,41065.858,1.0,1.0
2021-10-08,53951.43,-0.1514,0.889,41047.7341,1.0,1.0
2021-10-09,54949.72,-0.1357,0.8817,41083.1901,1.0,1.0
2021-10-10,54659.0,-0.1402,0.7589,41116.4436,1.0,1.0
2021-10-11,57471.35,-0.096,0.7132,41167.3096,1.0,1.0
2021-10-12,55996.93,-0.1192,0.6994,41228.8692,1.0,1.0
2021-10-13,57367.0,-0.0976,0.6971,41301.7725,1.0,1.0
2021-10-14,57347.94,-0.0979,0.6478,41393.8385,1.0,1.0
2021-10-15,61672.42,-0.0299,0.6876,41519.3228,1.0,1.0
2021-10-16,60875.57,-0.0425,0.7002,41680.5593,1.0,1.0
2021-10-17,61528.33,-0.0322,0.6766,41820.5706,1.0,1.0
2021-10-18,62009.84,-0.0246,0.6469,41985.6228,1.0,1.0
2021-10-19,64280.59,0.0,0.6489,42164.4952,1.0,1.0
2021-10-20,66001.41,0.0,0.6332,42373.4696,1.0,1.0
2021-10-21,62193.15,-0.0577,0.6303,42529.4487,1.0,1.0
2021-10-22,60688.22,-0.0805,0.6429,42678.5387,1.0,1.0
2021-10-23,61286.75,-0.0714,0.643,42825.5043,1.0,1.0
2021-10-24,60852.22,-0.078,0.6466,42974.3192,1.0,1.0
2021-10-25,63078.78,-0.0443,0.6389,43157.0878,1.0,1.0
2021-10-26,60328.81,-0.0859,0.6158,43328.5789,1.0,1.0
2021-10-27,58413.44,-0.115,0.6203,43480.3933,1.0,1.0
2021-10-28,60575.89,-0.0822,0.6353,43635.8739,1.0,1.0
2021-10-29,62253.71,-0.0568,0.6399,43806.278,1.0,1.0
2021-10-30,61859.19,-0.0628,0.6403,43968.2147,1.0,1.0
2021-10-31,61299.8,-0.0712,0.6114,44115.2348,1.0,1.0
2021-11-01,60911.11,-0.0771,0.5991,44275.7822,1.0,1.0
2021-11-02,63219.99,-0.0421,0.6099,44460.4941,1.0,1.0
2021-11-03,62896.48,-0.047,0.611,44641.1619,1.0,1.0
2021-11-04,61395.01,-0.0698,0.5396,44826.7767,1.0,1.0
2021-11-05,60937.12,-0.0767,0.5376,45010.4855,1.0,1.0
2021-11-06,61470.61,-0.0686,0.5369,45171.0359,1.0,1.0
2021-11-07,63273.59,-0.0413,0.5503,45348.355,1.0,1.0
2021-11-08,67525.83,0.0,0.5977,45549.6473,1.0,1.0
2021-11-09,66947.66,-0.0086,0.5894,45758.991,1.0,1.0
2021-11-10,64882.43,-0.0391,0.5449,45931.4034,1.0,1.0
2021-11-11,64774.26,-0.0407,0.5321,46093.1232,1.0,1.0
2021-11-12,64122.23,-0.0504,0.5342,46252.9778,1.0,1.0
2021-11-13,64380.0,-0.0466,0.5325,46426.5177,1.0,1.0
2021-11-14,65519.1,-0.0297,0.5161,46609.3586,1.0,1.0
2021-11-15,63606.74,-0.058,0.4937,46794.6046,1.0,1.0
2021-11-16,60058.87,-0.1106,0.5375,46958.4389,1.0,1.0
2021-11-17,60344.87,-0.1063,0.5145,47123.4037,1.0,1.0
2021-11-18,56891.62,-0.1575,0.5562,47291.9549,1.0,1.0
2021-11-19,58052.24,-0.1403,0.5659,47462.2395,1.0,1.0
2021-11-20,59707.51,-0.1158,0.5806,47635.7691,1.0,1.0
2021-11-21,58622.02,-0.1319,0.5849,47795.4953,1.0,1.0
2021-11-22,56247.18,-0.167,0.5802,47959.9135,1.0,1.0
2021-11-23,57541.27,-0.1479,0.5929,48128.2976,1.0,1.0
2021-11-24,57138.29,-0.1538,0.5865,48277.8839,1.0,1.0
2021-11-25,58960.36,-0.1268,0.6047,48440.9871,1.0,1.0
2021-11-26,53726.53,-0.2044,0.7168,48559.7524,1.0,1.0
2021-11-27,54721.03,-0.1896,0.7081,48690.9259,1.0,1.0
2021-11-28,57274.88,-0.1518,0.6741,48849.3939,1.0,1.0
2021-11-29,57776.25,-0.1444,0.6779,49009.3252,1.0,1.0
2021-11-30,56950.56,-0.1566,0.6702,49157.8681,1.0,1.0
2021-12-01,57184.07,-0.1532,0.6715,49303.8518,1.0,1.0
2021-12-02,56480.34,-0.1636,0.6718,49455.7865,1.0,1.0
2021-12-03,53601.05,-0.2062,0.6977,49584.9934,1.0,1.0
2021-12-04,49152.47,-0.2721,0.7603,49686.9291,1.0,1.0
2021-12-05,49396.33,-0.2685,0.7613,49797.0665,1.0,1.0
2021-12-06,50441.92,-0.253,0.7463,49907.9073,1.0,1.0
2021-12-07,50588.95,-0.2508,0.7457,50021.8145,1.0,1.0
2021-12-08,50471.19,-0.2526,0.711,50129.8958,1.0,1.0
2021-12-09,47545.59,-0.2959,0.736,50226.2889,0.0,0.2
2021-12-10,47140.54,-0.3019,0.7159,50322.3607,0.0,0.3
2021-12-11,49389.99,-0.2686,0.7571,50432.8271,0.0,0.2
2021-12-12,50053.9,-0.2587,0.7476,50553.9865,0.0,0.2
2021-12-13,46702.75,-0.3084,0.7826,50656.1123,0.0,0.3
2021-12-14,48343.28,-0.2841,0.8059,50768.2671,0.0,0.2
2021-12-15,48864.98,-0.2764,0.791,50882.1765,0.0,0.2
2021-12-16,47632.38,-0.2946,0.7015,50994.1281,0.0,0.2
2021-12-17,46131.2,-0.3168,0.7009,51103.0671,0.0,0.3
2021-12-18,46834.48,-0.3064,0.667,51201.0002,0.0,0.3
2021-12-19,46681.23,-0.3087,0.6624,51296.9562,0.0,0.3
2021-12-20,46914.16,-0.3052,0.6655,51385.49,0.0,0.3
2021-12-21,48889.88,-0.276,0.6984,51483.0349,0.0,0.2
2021-12-22,48588.16,-0.2805,0.6981,51571.0825,0.0,0.2
2021-12-23,50838.81,-0.2471,0.7023,51661.7573,0.0,0.2
2021-12-24,50820.0,-0.2474,0.5922,51737.5048,0.0,0.2
2021-12-25,50399.66,-0.2536,0.5935,51806.7055,0.0,0.2
2021-12-26,50775.49,-0.2481,0.5875,51878.4322,0.0,0.2
2021-12-27,50701.44,-0.2492,0.5874,51935.066,0.0,0.2
2021-12-28,47543.74,-0.2959,0.6488,51975.6121,0.0,0.2
2021-12-29,46464.66,-0.3119,0.6046,52019.7402,0.0,0.3
2021-12-30,47120.87,-0.3022,0.607,52072.8939,0.0,0.3
2021-12-31,46216.93,-0.3156,0.5742,52126.2931,0.0,0.3
2022-01-01,47722.65,-0.2933,0.5899,52179.6229,0.0,0.2
2022-01-02,47286.18,-0.2997,0.5094,52222.4477,0.0,0.2
2022-01-03,46446.1,-0.3122,0.4912,52246.5092,0.0,0.3
2022-01-04,45832.01,-0.3213,0.49,52254.9057,0.0,0.3
2022-01-05,43451.13,-0.3565,0.5273,52252.6174,0.0,0.3
2022-01-06,43082.31,-0.362,0.5132,52231.4768,0.0,0.3
2022-01-07,41566.48,-0.3844,0.5239,52204.6867,0.0,0.3
2022-01-08,41679.74,-0.3828,0.5251,52179.145,0.0,0.3
2022-01-09,41864.62,-0.38,0.5249,52162.2491,0.0,0.3
2022-01-10,41822.49,-0.3806,0.4815,52122.3991,0.0,0.3
2022-01-11,42729.29,-0.3672,0.4975,52093.4709,0.0,0.3
2022-01-12,43902.66,-0.3498,0.4663,52072.9965,0.0,0.3
2022-01-13,42560.11,-0.3697,0.4758,52050.722,0.0,0.3
2022-01-14,43059.96,-0.3623,0.4839,52039.8154,0.0,0.3
2022-01-15,43084.29,-0.362,0.4806,52029.0087,0.0,0.3
2022-01-16,43071.66,-0.3621,0.4809,52004.4157,0.0,0.3
2022-01-17,42201.62,-0.375,0.4144,51956.9433,0.0,0.3
2022-01-18,42352.12,-0.3728,0.409,51913.8117,0.0,0.3
2022-01-19,41660.01,-0.3831,0.403,51863.2836,0.0,0.3
2022-01-20,40680.91,-0.3976,0.4062,51804.564,0.0,0.3
2022-01-21,36445.31,-0.4603,0.5686,51729.706,0.0,0.4
2022-01-22,35071.42,-0.4806,0.578,51637.0267,0.0,0.4
2022-01-23,36244.55,-0.4632,0.6127,51566.3645,0.0,0.4
2022-01-24,36660.35,-0.4571,0.621,51483.6342,0.0,0.4
2022-01-25,36958.32,-0.4527,0.5958,51404.054,0.0,0.4
2022-01-26,36809.34,-0.4549,0.596,51324.3307,0.0,0.4
2022-01-27,37160.1,-0.4497,0.5866,51258.8453,0.0,0.4
2022-01-28,37716.56,-0.4414,0.5922,51196.2831,0.0,0.4
2022-01-29,38166.84,-0.4348,0.5953,51125.3253,0.0,0.4
2022-01-30,37881.76,-0.439,0.5952,51049.5594,0.0,0.4
2022-01-31,38466.9,-0.4303,0.5905,50972.6778,0.0,0.4
2022-02-01,38694.59,-0.427,0.5749,50897.8708,0.0,0.4
2022-02-02,36896.36,-0.4536,0.5927,50798.8007,0.0,0.4
2022-02-03,37311.61,-0.4474,0.5924,50696.4521,0.0,0.4
2022-02-04,41574.25,-0.3843,0.7709,50661.1889,0.0,0.3
2022-02-05,41382.59,-0.3872,0.7709,50630.0841,0.0,0.3
2022-02-06,42380.87,-0.3724,0.7738,50603.3223,0.0,0.3
2022-02-07,43839.99,-0.3508,0.787,50596.5828,0.0,0.3
2022-02-08,44042.99,-0.3478,0.7828,50589.0448,0.0,0.3
2022-02-09,44372.72,-0.3429,0.7737,50578.028,0.0,0.3
2022-02-10,43495.44,-0.3559,0.5927,50568.3927,0.0,0.3
2022-02-11,42373.73,-0.3725,0.576,50536.8075,0.0,0.3
2022-02-12,42217.87,-0.3748,0.5685,50497.4505,0.0,0.3
2022-02-13,42053.66,-0.3772,0.5703,50459.5561,0.0,0.3
2022-02-14,42535.94,-0.3701,0.5706,50427.7959,0.0,0.3
2022-02-15,44544.86,-0.3403,0.5918,50402.81,0.0,0.3
2022-02-16,43873.56,-0.3503,0.6012,50380.3554,0.0,0.3
2022-02-17,40515.7,-0.4,0.7075,50363.6893,0.0,0.3
2022-02-18,39974.44,-0.408,0.71,50358.623,0.0,0.4
2022-02-19,40079.17,-0.4065,0.7087,50335.5267,0.0,0.4
2022-02-20,38386.89,-0.4315,0.7325,50292.3376,0.0,0.4
2022-02-21,37008.16,-0.4519,0.7481,50253.6549,0.0,0.4
2022-02-22,38230.33,-0.4338,0.7329,50224.0528,0.0,0.4
2022-02-23,37250.01,-0.4484,0.7409,50184.6469,0.0,0.4
2022-02-24,38327.21,-0.4324,0.5774,50159.1793,0.0,0.4
2022-02-25,39219.17,-0.4192,0.5888,50147.1301,0.0,0.4
2022-02-26,39116.72,-0.4207,0.5766,50131.0797,0.0,0.4
2022-02-27,37699.07,-0.4417,0.5665,50090.2462,0.0,0.4
2022-02-28,43160.0,-0.3608,0.8328,50057.0355,0.0,0.3
2022-03-01,44421.2,-0.3422,0.8419,50035.6108,0.0,0.3
2022-03-02,43892.98,-0.35,0.839,50006.8973,0.0,0.3
2022-03-03,42454.0,-0.3713,0.8439,49961.7577,0.0,0.3
2022-03-04,39148.66,-0.4202,0.9125,49879.6021,0.0,0.4
2022-03-05,39397.96,-0.4165,0.9135,49773.4885,0.0,0.4
2022-03-06,38420.81,-0.431,0.9156,49671.0591,0.0,0.4
2022-03-07,37988.0,-0.4374,0.8862,49564.6363,0.0,0.4
2022-03-08,38730.63,-0.4264,0.8931,49456.509,0.0,0.4
2022-03-09,41941.71,-0.3789,0.9008,49371.7271,0.0,0.3
2022-03-10,39422.0,-0.4162,0.9395,49251.3981,0.0,0.4
2022-03-11,38729.57,-0.4264,0.9422,49136.2823,0.0,0.4
2022-03-12,38807.36,-0.4253,0.9236,49012.5514,0.0,0.4
2022-03-13,37777.34,-0.4405,0.917,48882.0807,0.0,0.4
2022-03-14,39671.37,-0.4125,0.9304,48735.4071,0.0,0.4
2022-03-15,39280.33,-0.4183,0.9237,48591.4388,0.0,0.4
2022-03-16,41114.0,-0.3911,0.9357,48455.3433,0.0,0.3
2022-03-17,40917.9,-0.394,0.9321,48314.7303,0.0,0.3
2022-03-18,41757.51,-0.3816,0.935,48164.5765,0.0,0.3
2022-03-19,42201.13,-0.375,0.9177,48005.9079,0.0,0.3
2022-03-20,41262.11,-0.3889,0.7145,47866.3677,0.0,0.3
2022-03-21,41002.25,-0.3928,0.7008,47735.1279,0.0,0.3
2022-03-22,42364.13,-0.3726,0.7169,47608.9771,0.0,0.3
2022-03-23,42882.76,-0.3649,0.7046,47489.1807,0.0,0.3
2022-03-24,43991.46,-0.3485,0.6081,47361.9319,0.0,0.3
2022-03-25,44313.16,-0.3438,0.6082,47255.1609,0.0,0.3
2022-03-26,44511.27,-0.3408,0.5921,47162.4797,0.0,0.3
2022-03-27,46827.76,-0.3065,0.6135,47070.8255,0.0,0.3
2022-03-28,47122.21,-0.3022,0.6124,46969.9489,0.0,0.3
2022-03-29,47434.8,-0.2975,0.5257,46873.7863,0.0,0.2
2022-03-30,47067.99,-0.303,0.4338,46778.9075,0.0,0.3
2022-03-31,45510.34,-0.326,0.4572,46676.2357,0.0,0.3
2022-04-01,46283.49,-0.3146,0.4578,46563.3257,0.0,0.3
2022-04-02,45811.0,-0.3216,0.438,46449.4225,0.0,0.3
2022-04-03,46407.35,-0.3127,0.4015,46349.5048,0.0,0.3
2022-04-04,46580.51,-0.3102,0.394,46253.7941,0.0,0.3
2022-04-05,45497.55,-0.3262,0.3794,46147.307,0.0,0.3
2022-04-06,43170.47,-0.3607,0.4512,46013.2862,0.0,0.3
2022-04-07,43444.19,-0.3566,0.4446,45852.7419,0.0,0.3
2022-04-08,42252.01,-0.3743,0.4603,45688.1043,0.0,0.3
2022-04-09,42753.97,-0.3669,0.4513,45540.5812,0.0,0.3
2022-04-10,42158.85,-0.3757,0.4551,45389.8118,0.0,0.3
2022-04-11,39530.45,-0.4146,0.5122,45225.8666,0.0,0.4
2022-04-12,40074.94,-0.4065,0.5131,45063.8329,0.0,0.4
2022-04-13,41147.79,-0.3906,0.5141,44901.3575,0.0,0.3
2022-04-14,39942.38,-0.4085,0.5236,44743.5951,0.0,0.4
2022-04-15,40551.9,-0.3995,0.5294,44613.5486,0.0,0.3
2022-04-16,40378.71,-0.402,0.4673,44480.4409,0.0,0.4
2022-04-17,39678.12,-0.4124,0.465,44365.6842,0.0,0.4
2022-04-18,40801.13,-0.3958,0.4868,44250.6768,0.0,0.3
2022-04-19,41493.18,-0.3855,0.4978,44129.2479,0.0,0.3
2022-04-20,41358.19,-0.3875,0.4824,44014.1557,0.0,0.3
2022-04-21,40480.01,-0.4005,0.4771,43909.0413,0.0,0.4
2022-04-22,39709.18,-0.4119,0.4799,43790.1607,0.0,0.4
2022-04-23,39441.6,-0.4159,0.4714,43672.1827,0.0,0.4
2022-04-24,39450.13,-0.4158,0.4699,43542.1145,0.0,0.4
2022-04-25,40426.08,-0.4013,0.4845,43453.4449,0.0,0.4
2022-04-26,38112.65,-0.4356,0.497,43342.7223,0.0,0.4
2022-04-27,39235.72,-0.419,0.5171,43222.4613,0.0,0.4
2022-04-28,39742.07,-0.4115,0.5119,43102.2334,0.0,0.4
2022-04-29,38596.11,-0.4284,0.519,42979.8704,0.0,0.4
2022-04-30,37630.8,-0.4427,0.525,42849.5153,0.0,0.4
2022-05-01,38468.35,-0.4303,0.4658,42729.4353,0.0,0.4
2022-05-02,38525.16,-0.4295,0.4611,42628.9294,0.0,0.4
2022-05-03,37728.95,-0.4413,0.4493,42552.7726,0.0,0.4
2022-05-04,39690.0,-0.4122,0.4913,42488.0637,0.0,0.4
2022-05-05,36552.97,-0.4587,0.5974,42395.4707,0.0,0.4
2022-05-06,36013.77,-0.4667,0.5988,42298.3029,0.0,0.4
2022-05-07,35472.39,-0.4747,0.598,42198.3109,0.0,0.4
2022-05-08,34038.4,-0.4959,0.5966,42108.2629,0.0,0.4
2022-05-09,30076.31,-0.5546,0.7594,41994.5014,0.0,0.4
2022-05-10,31017.1,-0.5407,0.784,41872.0155,0.0,0.4
2022-05-11,29103.94,-0.569,0.8116,41732.3491,0.0,0.4
2022-05-12,29029.75,-0.5701,0.8136,41614.5291,0.0,0.4
2022-05-13,29287.05,-0.5663,0.8196,41487.4875,0.0,0.4
2022-05-14,30086.74,-0.5544,0.8368,41362.2993,0.0,0.4
2022-05-15,31328.89,-0.536,0.8534,41253.6093,0.0,0.4
2022-05-16,29874.01,-0.5576,0.8429,41145.2281,0.0,0.4
2022-05-17,30444.93,-0.5491,0.8345,41035.9644,0.0,0.4
2022-05-18,28715.32,-0.5748,0.8481,40916.1917,0.0,0.4
2022-05-19,30319.23,-0.551,0.8973,40805.5588,0.0,0.4
2022-05-20,29201.01,-0.5676,0.9023,40674.2997,0.0,0.4
2022-05-21,29445.06,-0.5639,0.894,40546.679,0.0,0.4
2022-05-22,30293.94,-0.5514,0.9099,40409.7132,0.0,0.4
2022-05-23,29109.15,-0.5689,0.917,40264.9742,0.0,0.4
2022-05-24,29654.58,-0.5608,0.8839,40126.6737,0.0,0.4
2022-05-25,29542.15,-0.5625,0.8303,39985.1181,0.0,0.4
2022-05-26,29201.35,-0.5676,0.8301,39841.7841,0.0,0.4
2022-05-27,28629.8,-0.576,0.8308,39715.6912,0.0,0.4
2022-05-28,29031.33,-0.5701,0.8252,39599.469,0.0,0.4
2022-05-29,29468.1,-0.5636,0.6442,39481.7839,0.0,0.4
2022-05-30,31734.22,-0.53,0.7086,39385.2325,0.0,0.4
2022-05-31,31801.04,-0.5291,0.646,39279.0884,0.0,0.4
2022-06-01,29805.83,-0.5586,0.7104,39162.5527,0.0,0.4
2022-06-02,30452.62,-0.549,0.7151,39055.9295,0.0,0.4
2022-06-03,29700.21,-0.5602,0.7146,38948.3842,0.0,0.4
2022-06-04,29864.04,-0.5577,0.6912,38857.8036,0.0,0.4
2022-06-05,29919.21,-0.5569,0.6608,38770.0496,0.0,0.4
2022-06-06,31373.1,-0.5354,0.6871,38702.0937,0.0,0.4
2022-06-07,31125.33,-0.5391,0.6342,38631.731,0.0,0.4
2022-06-08,30204.77,-0.5527,0.6075,38553.9987,0.0,0.4
2022-06-09,30109.93,-0.5541,0.5841,38475.9149,0.0,0.4
2022-06-10,29091.88,-0.5692,0.6028,38384.9989,0.0,0.4
2022-06-11,28424.7,-0.5791,0.5953,38281.8125,0.0,0.4
2022-06-12,26574.53,-0.6065,0.6378,38175.2419,0.0,0.4
2022-06-13,22487.41,-0.667,0.9329,38038.0916,0.0,0.4
2022-06-14,22136.41,-0.6722,0.9319,37898.4391,0.0,0.4
2022-06-15,22583.72,-0.6656,0.9434,37761.8528,0.0,0.4
2022-06-16,20401.31,-0.6979,1.0169,37616.5174,0.0,0.4
2022-06-17,20468.81,-0.6969,1.0117,37470.6287,0.0,0.4
2022-06-18,18970.79,-0.7191,1.0302,37319.3672,0.0,0.4
2022-06-19,20574.0,-0.6953,1.0431,37185.3211,0.0,0.4
2022-06-20,20573.89,-0.6953,1.0423,37079.5117,0.0,0.4
2022-06-21,20723.52,-0.6931,1.0305,36983.859,0.0,0.4
2022-06-22,19987.99,-0.704,1.0172,36875.4819,0.0,0.4
2022-06-23,21110.13,-0.6874,1.067,36771.8138,0.0,0.4
2022-06-24,21237.69,-0.6855,1.0672,36667.0096,0.0,0.4
2022-06-25,21491.19,-0.6817,1.0714,36564.8886,0.0,0.4
2022-06-26,21038.07,-0.6884,1.0321,36457.4084,0.0,0.4
2022-06-27,20742.56,-0.6928,1.031,36344.2484,0.0,0.4
2022-06-28,20281.29,-0.6997,1.0302,36225.0114,0.0,0.4
2022-06-29,20123.01,-0.702,1.0289,36106.6197,0.0,0.4
2022-06-30,19942.21,-0.7047,1.0278,35983.1218,0.0,0.4
2022-07-01,19279.8,-0.7145,1.0297,35853.6899,0.0,0.4
2022-07-02,19252.81,-0.7149,1.0091,35736.0662,0.0,0.4
2022-07-03,19315.83,-0.7139,0.7485,35616.0943,0.0,0.4
2022-07-04,20236.71,-0.7003,0.7821,35473.8441,0.0,0.4
2022-07-05,20175.83,-0.7012,0.7744,35332.4657,0.0,0.4
2022-07-06,20564.51,-0.6955,0.6484,35187.0233,0.0,0.4
2022-07-07,21624.98,-0.6798,0.6826,35038.9232,0.0,0.4
2022-07-08,21594.75,-0.6802,0.5846,34889.2683,0.0,0.4
2022-07-09,21591.83,-0.6802,0.4788,34737.3957,0.0,0.4
2022-07-10,20862.47,-0.691,0.5039,34586.5092,0.0,0.4
2022-07-11,19963.61,-0.7044,0.5376,34437.1084,0.0,0.4
2022-07-12,19328.75,-0.7138,0.5332,34284.5143,0.0,0.4
2022-07-13,20234.87,-0.7003,0.5164,34139.0557,0.0,0.4
2022-07-14,20588.84,-0.6951,0.522,33992.7417,0.0,0.4
2022-07-15,20830.04,-0.6915,0.5219,33834.6429,0.0,0.4
2022-07-16,21195.6,-0.6861,0.52,33683.4565,0.0,0.4
2022-07-17,20798.16,-0.692,0.5229,33552.0062,0.0,0.4
2022-07-18,22432.58,-0.6678,0.6033,33435.0605,0.0,0.4
2022-07-19,23396.62,-0.6535,0.6203,33323.8435,0.0,0.4
2022-07-20,23223.3,-0.6561,0.6195,33222.7529,0.0,0.4
2022-07-21,23152.19,-0.6571,0.5934,33130.3797,0.0,0.4
2022-07-22,22684.83,-0.6641,0.6053,33026.7431,0.0,0.4
2022-07-23,22451.07,-0.6675,0.6102,32928.0835,0.0,0.4
2022-07-24,22579.68,-0.6656,0.5844,32823.0999,0.0,0.4
2022-07-25,21310.9,-0.6844,0.6436,32703.7115,0.0,0.4
2022-07-26,21254.67,-0.6852,0.6397,32584.6311,0.0,0.4
2022-07-27,22952.45,-0.6601,0.6868,32486.3203,0.0,0.4
2022-07-28,23842.93,-0.6469,0.7025,32357.5399,0.0,0.4
2022-07-29,23773.75,-0.6479,0.703,32219.8902,0.0,0.4
2022-07-30,23643.51,-0.6499,0.6826,32084.8937,0.0,0.4
2022-07-31,23293.32,-0.655,0.652,31957.1559,0.0,0.4
2022-08-01,23268.01,-0.6554,0.6284,31851.2849,0.0,0.4
2022-08-02,22987.79,-0.6596,0.6123,31741.8837,0.0,0.4
2022-08-03,22818.37,-0.6621,0.6129,31637.8675,0.0,0.4
2022-08-04,22622.98,-0.665,0.6148,31535.434,0.0,0.4
2022-08-05,23312.42,-0.6548,0.6224,31432.6459,0.0,0.4
2022-08-06,22954.21,-0.6601,0.62,31306.0626,0.0,0.4
2022-08-07,23174.39,-0.6568,0.5335,31197.7452,0.0,0.4
2022-08-08,23810.0,-0.6474,0.5151,31098.2814,0.0,0.4
2022-08-09,23149.95,-0.6572,0.5289,30993.8987,0.0,0.4
2022-08-10,23954.05,-0.6453,0.5485,30901.7434,0.0,0.4
2022-08-11,23934.39,-0.6456,0.5397,30796.8302,0.0,0.4
2022-08-12,24403.68,-0.6386,0.5408,30697.6525,0.0,0.4
2022-08-13,24441.38,-0.638,0.5409,30586.5017,0.0,0.4
2022-08-14,24305.24,-0.6401,0.4673,30475.7507,0.0,0.4
2022-08-15,24094.82,-0.6432,0.4703,30357.9994,0.0,0.4
2022-08-16,23854.74,-0.6467,0.3512,30235.6901,0.0,0.4
2022-08-17,23342.66,-0.6543,0.3249,30116.2271,0.0,0.4
2022-08-18,23191.2,-0.6566,0.3256,29997.4868,0.0,0.4
2022-08-19,20834.39,-0.6915,0.558,29853.9552,0.0,0.4
2022-08-20,21140.07,-0.6869,0.5634,29709.0039,0.0,0.4
2022-08-21,21515.61,-0.6814,0.5714,29559.1649,0.0,0.4
2022-08-22,21399.83,-0.6831,0.5703,29406.4094,0.0,0.4
2022-08-23,21529.12,-0.6812,0.5714,29253.1951,0.0,0.4
2022-08-24,21368.08,-0.6836,0.5713,29083.4639,0.0,0.4
2022-08-25,21559.04,-0.6807,0.5548,28913.0427,0.0,0.4
2022-08-26,20241.05,-0.7002,0.6085,28731.7511,0.0,0.4
2022-08-27,20037.6,-0.7033,0.6045,28551.5485,0.0,0.4
2022-08-28,19555.61,-0.7104,0.5881,28378.5169,0.0,0.4
2022-08-29,20285.73,-0.6996,0.6139,28205.1985,0.0,0.4
2022-08-30,19811.66,-0.7066,0.5894,28031.8696,0.0,0.4
2022-08-31,20050.02,-0.7031,0.5955,27856.1541,0.0,0.4
2022-09-01,20131.46,-0.7019,0.585,27679.8271,0.0,0.4
2022-09-02,19951.86,-0.7045,0.5829,27509.5225,0.0,0.4
2022-09-03,19831.9,-0.7063,0.5828,27353.932,0.0,0.4
2022-09-04,20000.3,-0.7038,0.5882,27197.6394,0.0,0.4
2022-09-05,19796.84,-0.7068,0.5882,27047.9383,0.0,0.4
2022-09-06,18790.61,-0.7217,0.6144,26888.1825,0.0,0.4
2022-09-07,19292.84,-0.7143,0.6346,26735.7425,0.0,0.4
2022-09-08,19319.77,-0.7139,0.4573,26601.0046,0.0,0.4
2022-09-09,21360.11,-0.6837,0.6357,26476.2391,0.0,0.4
2022-09-10,21648.34,-0.6794,0.6337,26346.2427,0.0,0.4
2022-09-11,21826.87,-0.6768,0.634,26225.4727,0.0,0.4
2022-09-12,22395.74,-0.6683,0.6426,26104.4316,0.0,0.4
2022-09-13,20173.57,-0.7012,0.7874,25969.7307,0.0,0.4
2022-09-14,20226.71,-0.7005,0.786,25840.0546,0.0,0.4
2022-09-15,19701.88,-0.7082,0.7469,25699.3929,0.0,0.4
2022-09-16,19803.3,-0.7067,0.7463,25554.7937,0.0,0.4
2022-09-17,20113.62,-0.7021,0.7413,25413.1633,0.0,0.4
2022-09-18,19416.18,-0.7125,0.7393,25272.7377,0.0,0.4
2022-09-19,19537.02,-0.7107,0.7337,25138.2567,0.0,0.4
2022-09-20,18875.0,-0.7205,0.745,25001.146,0.0,0.4
2022-09-21,18461.36,-0.7266,0.7486,24861.2209,0.0,0.4
2022-09-22,19401.63,-0.7127,0.7828,24721.0579,0.0,0.4
2022-09-23,19289.91,-0.7143,0.7828,24595.5729,0.0,0.4
2022-09-24,18920.5,-0.7198,0.7851,24460.1381,0.0,0.4
2022-09-25,18807.38,-0.7215,0.7845,24320.5735,0.0,0.4
2022-09-26,19227.82,-0.7153,0.758,24191.4516,0.0,0.4
2022-09-27,19079.13,-0.7175,0.7502,24067.7738,0.0,0.4
2022-09-28,19412.82,-0.7125,0.754,23940.7369,0.0,0.4
2022-09-29,19591.51,-0.7099,0.6078,23814.5126,0.0,0.4
2022-09-30,19422.61,-0.7124,0.6027,23692.4703,0.0,0.4
2022-10-01,19310.95,-0.714,0.5996,23556.61,0.0,0.4
2022-10-02,19056.8,-0.7178,0.5827,23439.9689,0.0,0.4
2022-10-03,19629.08,-0.7093,0.4134,23330.7376,0.0,0.4
2022-10-04,20337.82,-0.6988,0.4423,23229.8405,0.0,0.4
2022-10-05,20158.26,-0.7015,0.4282,23137.3062,0.0,0.4
2022-10-06,19960.67,-0.7044,0.4303,23069.8686,0.0,0.4
2022-10-07,19530.09,-0.7108,0.4346,22993.2885,0.0,0.4
2022-10-08,19417.96,-0.7124,0.408,22928.7153,0.0,0.4
2022-10-09,19439.02,-0.7121,0.4071,22864.7771,0.0,0.4
2022-10-10,19131.87,-0.7167,0.3842,22797.0759,0.0,0.4
2022-10-11,19060.0,-0.7177,0.371,22723.5643,0.0,0.4
2022-10-12,19155.53,-0.7163,0.3025,22642.4086,0.0,0.4
2022-10-13,19375.13,-0.7131,0.3058,22572.4161,0.0,0.4
2022-10-14,19176.93,-0.716,0.297,22497.2961,0.0,0.4
2022-10-15,19069.39,-0.7176,0.2969,22432.9899,0.0,0.4
2022-10-16,19262.98,-0.7147,0.2844,22359.2815,0.0,0.4
2022-10-17,19549.86,-0.7105,0.2887,22294.9405,0.0,0.4
2022-10-18,19327.44,-0.7138,0.284,22227.4897,0.0,0.4
2022-10-19,19123.97,-0.7168,0.284,22153.0233,0.0,0.4
2022-10-20,19041.92,-0.718,0.2824,22085.9084,0.0,0.4
2022-10-21,19164.37,-0.7162,0.2832,22015.9737,0.0,0.4
2022-10-22,19204.35,-0.7156,0.2773,21947.055,0.0,0.4
2022-10-23,19570.4,-0.7102,0.2588,21882.8487,0.0,0.4
2022-10-24,19329.72,-0.7137,0.2081,21820.8481,0.0,0.4
2022-10-25,20080.07,-0.7026,0.2685,21761.1731,0.0,0.4
2022-10-26,20771.59,-0.6924,0.3013,21703.1963,0.0,0.4
2022-10-27,20295.11,-0.6994,0.3034,21626.9356,0.0,0.4
2022-10-28,20591.84,-0.6951,0.3059,21552.2076,0.0,0.4
2022-10-29,20809.67,-0.6918,0.3075,21492.2332,0.0,0.4
2022-10-30,20627.48,-0.6945,0.3003,21426.7323,0.0,0.4
2022-10-31,20490.74,-0.6965,0.3019,21365.3358,0.0,0.4
2022-11-01,20483.62,-0.6967,0.3023,21302.7997,0.0,0.4
2022-11-02,20151.84,-0.7016,0.3112,21237.6839,0.0,0.4
2022-11-03,20207.82,-0.7007,0.3063,21163.2487,0.0,0.4
2022-11-04,21148.52,-0.6868,0.354,21096.7366,0.0,0.4
2022-11-05,21299.37,-0.6846,0.3535,21037.3673,0.0,0.4
2022-11-06,20905.58,-0.6904,0.3644,20976.0049,0.0,0.4
2022-11-07,20591.13,-0.6951,0.3677,20919.3333,0.0,0.4
2022-11-08,18547.23,-0.7253,0.5881,20853.4835,0.0,0.4
2022-11-09,15922.81,-0.7642,0.8734,20782.472,0.0,0.4
2022-11-10,17601.15,-0.7393,0.9893,20749.8969,0.0,0.4
2022-11-11,17070.31,-0.7472,0.9952,20716.1229,0.0,0.4
2022-11-12,16812.08,-0.751,0.9895,20677.6453,0.0,0.4
2022-11-13,16329.85,-0.7582,0.9936,20650.5023,0.0,0.4
2022-11-14,16619.46,-0.7539,0.9789,20624.8399,0.0,0.4
2022-11-15,16900.57,-0.7497,0.9671,20611.0385,0.0,0.4
2022-11-16,16662.76,-0.7532,0.9655,20584.9635,0.0,0.4
2022-11-17,16692.56,-0.7528,0.9609,20559.088,0.0,0.4
2022-11-18,16700.45,-0.7527,0.9576,20532.2675,0.0,0.4
2022-11-19,16700.68,-0.7527,0.9587,20510.3521,0.0,0.4
2022-11-20,16280.23,-0.7589,0.9606,20478.1528,0.0,0.4
2022-11-21,15781.29,-0.7663,0.9628,20441.7768,0.0,0.4
2022-11-22,16226.94,-0.7597,0.9782,20406.6818,0.0,0.4
2022-11-23,16603.11,-0.7541,0.9874,20377.1154,0.0,0.4
2022-11-24,16598.95,-0.7542,0.957,20349.4913,0.0,0.4
2022-11-25,16522.14,-0.7553,0.9538,20324.4303,0.0,0.4
2022-11-26,16458.57,-0.7563,0.9541,20300.0007,0.0,0.4
2022-11-27,16428.78,-0.7567,0.9549,20276.5779,0.0,0.4
2022-11-28,16212.91,-0.7599,0.8584,20256.1319,0.0,0.4
2022-11-29,16442.53,-0.7565,0.5567,20237.3967,0.0,0.4
2022-11-30,17163.64,-0.7458,0.3909,20223.0488,0.0,0.4
2022-12-01,16977.37,-0.7486,0.371,20201.3199,0.0,0.4
2022-12-02,17092.74,-0.7469,0.3658,20180.7659,0.0,0.4
2022-12-03,16885.2,-0.7499,0.3459,20156.2372,0.0,0.4
2022-12-04,17105.7,-0.7467,0.3423,20126.1087,0.0,0.4
2022-12-05,16966.35,-0.7487,0.3374,20095.2527,0.0,0.4
2022-12-06,17088.96,-0.7469,0.3323,20065.2335,0.0,0.4
2022-12-07,16836.64,-0.7507,0.3393,20038.3947,0.0,0.4
2022-12-08,17224.1,-0.7449,0.3525,20020.1313,0.0,0.4
2022-12-09,17128.56,-0.7463,0.3537,20005.4633,0.0,0.4
2022-12-10,17127.49,-0.7464,0.3328,19984.7475,0.0,0.4
2022-12-11,17085.05,-0.747,0.2978,19961.3889,0.0,0.4
2022-12-12,17209.83,-0.7451,0.2785,19937.2541,0.0,0.4
2022-12-13,17774.7,-0.7368,0.2939,19914.4481,0.0,0.4
2022-12-14,17803.15,-0.7364,0.2935,19894.4814,0.0,0.4
2022-12-15,17356.34,-0.743,0.3171,19860.6398,0.0,0.4
2022-12-16,16632.12,-0.7537,0.3706,19815.5431,0.0,0.4
2022-12-17,16776.52,-0.7516,0.3721,19772.5646,0.0,0.4
2022-12-18,16738.21,-0.7521,0.3669,19729.8047,0.0,0.4
2022-12-19,16438.88,-0.7566,0.3716,19688.1651,0.0,0.4
2022-12-20,16895.56,-0.7498,0.3418,19651.1283,0.0,0.4
2022-12-21,16824.67,-0.7508,0.3392,19612.7616,0.0,0.4
2022-12-22,16821.43,-0.7509,0.3377,19582.8318,0.0,0.4
2022-12-23,16778.5,-0.7515,0.3339,19552.9907,0.0,0.4
2022-12-24,16836.12,-0.7507,0.329,19512.2151,0.0,0.4
2022-12-25,16832.11,-0.7507,0.3274,19465.4763,0.0,0.4
2022-12-26,16919.39,-0.7494,0.3266,19419.7806,0.0,0.4
2022-12-27,16706.36,-0.7526,0.3248,19373.5329,0.0,0.4
2022-12-28,16547.31,-0.7549,0.3096,19328.5595,0.0,0.4
2022-12-29,16633.47,-0.7537,0.3106,19284.3293,0.0,0.4
2022-12-30,16607.48,-0.7541,0.3106,19241.7939,0.0,0.4
2022-12-31,16542.4,-0.755,0.3107,19199.9541,0.0,0.4
2023-01-01,16616.75,-0.7539,0.3094,19159.9125,0.0,0.4
2023-01-02,16672.87,-0.7531,0.2705,19115.6489,0.0,0.4
2023-01-03,16675.18,-0.7531,0.27,19073.7887,0.0,0.4
2023-01-04,16850.36,-0.7505,0.2567,19031.6285,0.0,0.4
2023-01-05,16831.85,-0.7507,0.1781,18985.1075,0.0,0.4
2023-01-06,16950.65,-0.749,0.1768,18943.7788,0.0,0.4
2023-01-07,16943.57,-0.7491,0.1764,18897.0423,0.0,0.4
2023-01-08,17127.83,-0.7464,0.1601,18851.6652,0.0,0.4
2023-01-09,17178.26,-0.7456,0.1129,18803.4957,0.0,0.4
2023-01-10,17440.66,-0.7417,0.1258,18756.8243,0.0,0.4
2023-01-11,17943.26,-0.7343,0.1691,18714.4111,0.0,0.4
2023-01-12,18846.62,-0.7209,0.2566,18679.4231,0.0,0.4
2023-01-13,19930.01,-0.7049,0.3336,18653.2582,1.0,1.0
2023-01-14,20954.92,-0.6897,0.3752,18637.3399,1.0,1.0
2023-01-15,20871.5,-0.6909,0.38,18621.8753,1.0,1.0
2023-01-16,21185.65,-0.6863,0.3657,18624.217,1.0,1.0
2023-01-17,21134.81,-0.687,0.3588,18624.1819,1.0,1.0
2023-01-18,20677.47,-0.6938,0.3866,18618.5943,1.0,1.0
2023-01-19,21071.59,-0.6879,0.3838,18616.4061,1.0,1.0
2023-01-20,22667.21,-0.6643,0.4566,18623.9933,1.0,1.0
2023-01-21,22783.55,-0.6626,0.4563,18633.4298,1.0,1.0
2023-01-22,22707.88,-0.6637,0.4607,18641.0887,1.0,1.0
2023-01-23,22916.45,-0.6606,0.4565,18658.9247,1.0,1.0
2023-01-24,22632.89,-0.6648,0.472,18676.2267,1.0,1.0
2023-01-25,23060.94,-0.6585,0.4668,18699.5955,1.0,1.0
2023-01-26,23009.65,-0.6592,0.4717,18717.755,1.0,1.0
2023-01-27,23074.16,-0.6583,0.4699,18739.505,1.0,1.0
2023-01-28,23022.6,-0.6591,0.4756,18759.3222,1.0,1.0
2023-01-29,23742.3,-0.6484,0.4772,18783.3945,1.0,1.0
2023-01-30,22826.15,-0.662,0.533,18802.5564,1.0,1.0
2023-01-31,23125.13,-0.6575,0.5287,18824.5113,1.0,1.0
2023-02-01,23732.66,-0.6485,0.5068,18849.3937,1.0,1.0
2023-02-02,23488.94,-0.6521,0.4733,18874.0077,1.0,1.0
2023-02-03,23431.9,-0.653,0.4356,18904.9496,1.0,1.0
2023-02-04,23326.84,-0.6545,0.4359,18931.8429,1.0,1.0
2023-02-05,22932.91,-0.6604,0.444,18955.9305,1.0,1.0
2023-02-06,22762.52,-0.6629,0.4459,18965.2799,1.0,1.0
2023-02-07,23240.46,-0.6558,0.436,18975.8941,1.0,1.0
2023-02-08,22963.0,-0.6599,0.4382,18983.4683,1.0,1.0
2023-02-09,21796.35,-0.6772,0.3841,18979.4723,1.0,1.0
2023-02-10,21625.19,-0.6797,0.3835,18989.1498,1.0,1.0
2023-02-11,21862.55,-0.6762,0.3878,19000.0554,1.0,1.0
2023-02-12,21783.54,-0.6774,0.3846,19013.9331,1.0,1.0
2023-02-13,21773.97,-0.6775,0.3821,19027.0709,1.0,1.0
2023-02-14,22199.84,-0.6712,0.3828,19040.9791,1.0,1.0
2023-02-15,24324.05,-0.6398,0.5525,19073.6982,1.0,1.0
2023-02-16,23517.72,-0.6517,0.5741,19100.2362,1.0,1.0
2023-02-17,24569.97,-0.6361,0.6021,19138.2027,1.0,1.0
2023-02-18,24631.95,-0.6352,0.5893,19179.3399,1.0,1.0
2023-02-19,24271.76,-0.6406,0.5651,19211.8075,1.0,1.0
2023-02-20,24842.2,-0.6321,0.5702,19248.8227,1.0,1.0
2023-02-21,24452.16,-0.6379,0.5667,19285.7005,1.0,1.0
2023-02-22,24182.21,-0.6419,0.567,19321.5327,1.0,1.0
2023-02-23,23940.2,-0.6455,0.5689,19352.9485,1.0,1.0
2023-02-24,23185.29,-0.6566,0.586,19380.3229,1.0,1.0
2023-02-25,23157.07,-0.6571,0.5812,19405.2846,1.0,1.0
2023-02-26,23554.85,-0.6512,0.5842,19431.7069,1.0,1.0
2023-02-27,23492.09,-0.6521,0.578,19458.8367,1.0,1.0
2023-02-28,23141.57,-0.6573,0.5794,19484.3742,1.0,1.0
2023-03-01,23628.97,-0.6501,0.5345,19514.8553,1.0,1.0
2023-03-02,23465.32,-0.6525,0.5341,19540.4303,1.0,1.0
2023-03-03,22354.34,-0.669,0.578,19553.8737,1.0,1.0
2023-03-04,22346.57,-0.6691,0.5777,19568.4625,1.0,1.0
2023-03-05,22430.24,-0.6678,0.5777,19584.9263,1.0,1.0
2023-03-06,22410.0,-0.6681,0.5721,19604.1257,1.0,1.0
2023-03-07,22197.96,-0.6713,0.4008,19622.659,1.0,1.0
2023-03-08,21705.44,-0.6786,0.3878,19637.7685,1.0,1.0
2023-03-09,20362.22,-0.6985,0.4053,19645.9708,1.0,1.0
2023-03-10,20150.69,-0.7016,0.4017,19653.2421,1.0,1.0
2023-03-11,20455.73,-0.6971,0.4149,19661.9101,1.0,1.0
2023-03-12,21997.11,-0.6742,0.5264,19679.3899,1.0,1.0
2023-03-13,24113.48,-0.6429,0.6696,19712.3003,1.0,1.0
2023-03-14,24670.41,-0.6347,0.6752,19749.6404,1.0,1.0
2023-03-15,24285.66,-0.6404,0.6774,19783.1249,1.0,1.0
2023-03-16,24998.78,-0.6298,0.6708,19819.4511,1.0,1.0
2023-03-17,27395.13,-0.5943,0.7676,19873.2357,1.0,1.0
2023-03-18,26907.49,-0.6015,0.7746,19925.1258,1.0,1.0
2023-03-19,27972.87,-0.5857,0.7852,19984.6655,1.0,1.0
2023-03-20,27717.01,-0.5895,0.7822,20041.6831,1.0,1.0
2023-03-21,28105.47,-0.5838,0.7807,20101.0239,1.0,1.0
2023-03-22,27250.97,-0.5964,0.7965,20152.2277,1.0,1.0
2023-03-23,28295.41,-0.581,0.7645,20211.9989,1.0,1.0
2023-03-24,27454.47,-0.5934,0.784,20261.1616,1.0,1.0
2023-03-25,27462.95,-0.5933,0.7847,20305.7707,1.0,1.0
2023-03-26,27968.05,-0.5858,0.7837,20356.9236,1.0,1.0
2023-03-27,27124.91,-0.5983,0.7994,20400.4774,1.0,1.0
2023-03-28,27261.07,-0.5963,0.7865,20443.4867,1.0,1.0
2023-03-29,28348.6,-0.5802,0.7172,20494.9609,1.0,1.0
2023-03-30,28028.53,-0.5849,0.7178,20545.2128,1.0,1.0
2023-03-31,28465.36,-0.5785,0.7178,20598.4244,1.0,1.0
2023-04-01,28452.73,-0.5786,0.6746,20653.7637,1.0,1.0
2023-04-02,28171.87,-0.5828,0.579,20706.8573,1.0,1.0
2023-04-03,27800.0,-0.5883,0.5816,20751.2005,1.0,1.0
2023-04-04,28165.47,-0.5829,0.5739,20796.9745,1.0,1.0
2023-04-05,28170.01,-0.5828,0.5663,20845.4041,1.0,1.0
2023-04-06,28033.82,-0.5848,0.4163,20895.022,1.0,1.0
2023-04-07,27906.33,-0.5867,0.4084,20957.416,1.0,1.0
2023-04-08,27938.38,-0.5863,0.3729,21037.5198,1.0,1.0
2023-04-09,28323.76,-0.5805,0.375,21109.0039,1.0,1.0
2023-04-10,29637.34,-0.5611,0.4173,21192.7841,1.0,1.0
2023-04-11,30200.42,-0.5528,0.3939,21282.0397,1.0,1.0
2023-04-12,29888.07,-0.5574,0.3706,21372.4278,1.0,1.0
2023-04-13,30373.84,-0.5502,0.3434,21464.1237,1.0,1.0
2023-04-14,30466.93,-0.5488,0.3429,21554.5661,1.0,1.0
2023-04-15,30295.09,-0.5514,0.3406,21645.4483,1.0,1.0
2023-04-16,30304.65,-0.5512,0.3039,21736.1955,1.0,1.0
2023-04-17,29430.27,-0.5642,0.3384,21821.061,1.0,1.0
2023-04-18,30380.01,-0.5501,0.3248,21912.2565,1.0,1.0
2023-04-19,28797.1,-0.5735,0.4024,21995.7023,1.0,1.0
2023-04-20,28243.65,-0.5817,0.4065,22078.7847,1.0,1.0
2023-04-21,27262.84,-0.5963,0.433,22152.3574,1.0,1.0
2023-04-22,27816.85,-0.5881,0.4416,22227.1157,1.0,1.0
2023-04-23,27590.6,-0.5914,0.4393,22300.3933,1.0,1.0
2023-04-24,27510.93,-0.5926,0.4352,22373.6519,1.0,1.0
2023-04-25,28300.79,-0.5809,0.4531,22452.6001,1.0,1.0
2023-04-26,28415.29,-0.5792,0.4528,22532.5101,1.0,1.0
2023-04-27,29472.77,-0.5635,0.477,22620.9092,1.0,1.0
2023-04-28,29311.7,-0.5659,0.4783,22706.7037,1.0,1.0
2023-04-29,29230.45,-0.5671,0.476,22787.1491,1.0,1.0
2023-04-30,29233.21,-0.5671,0.4334,22868.8547,1.0,1.0
2023-05-01,28068.26,-0.5843,0.4559,22942.0248,1.0,1.0
2023-05-02,28669.86,-0.5754,0.4668,23020.5892,1.0,1.0
2023-05-03,29026.16,-0.5701,0.4643,23100.0589,1.0,1.0
2023-05-04,28838.16,-0.5729,0.4639,23179.2043,1.0,1.0
2023-05-05,29505.61,-0.563,0.4764,23261.982,1.0,1.0
2023-05-06,28848.2,-0.5728,0.4848,23342.0591,1.0,1.0
2023-05-07,28430.1,-0.579,0.4731,23416.7657,1.0,1.0
2023-05-08,27668.79,-0.5902,0.4597,23487.0339,1.0,1.0
2023-05-09,27628.27,-0.5908,0.4039,23557.0391,1.0,1.0
2023-05-10,27598.75,-0.5913,0.3963,23627.1305,1.0,1.0
2023-05-11,26968.62,-0.6006,0.3791,23692.1891,1.0,1.0
2023-05-12,26795.01,-0.6032,0.3681,23752.3245,1.0,1.0
2023-05-13,26775.28,-0.6035,0.367,23812.1387,1.0,1.0
2023-05-14,26917.62,-0.6014,0.3681,23875.8805,1.0,1.0
2023-05-15,27162.14,-0.5978,0.3471,23946.0807,1.0,1.0
2023-05-16,27033.84,-0.5997,0.3462,24014.4628,1.0,1.0
2023-05-17,27405.61,-0.5941,0.3084,24085.5788,1.0,1.0
2023-05-18,26821.28,-0.6028,0.3177,24154.7948,1.0,1.0
2023-05-19,26880.26,-0.6019,0.3189,24221.3595,1.0,1.0
2023-05-20,27102.43,-0.5986,0.3229,24289.8779,1.0,1.0
2023-05-21,26747.78,-0.6039,0.2813,24356.0535,1.0,1.0
2023-05-22,26849.27,-0.6024,0.2624,24423.192,1.0,1.0
2023-05-23,27219.61,-0.5969,0.264,24492.4153,1.0,1.0
2023-05-24,26329.01,-0.6101,0.2935,24555.7279,1.0,1.0
2023-05-25,26473.79,-0.6079,0.2708,24619.4239,1.0,1.0
2023-05-26,26705.92,-0.6045,0.2657,24686.0877,1.0,1.0
2023-05-27,26854.27,-0.6023,0.264,24754.8007,1.0,1.0
2023-05-28,28065.0,-0.5844,0.3096,24831.0109,1.0,1.0
2023-05-29,27736.4,-0.5892,0.3141,24905.2037,1.0,1.0
2023-05-30,27694.4,-0.5899,0.3141,24979.5504,1.0,1.0
2023-05-31,27210.35,-0.597,0.3071,25050.1744,1.0,1.0
2023-06-01,26817.93,-0.6028,0.3125,25117.8081,1.0,1.0
2023-06-02,27242.59,-0.5966,0.3195,25188.2575,1.0,1.0
2023-06-03,27069.22,-0.5991,0.3203,25256.3833,1.0,1.0
2023-06-04,27115.21,-0.5984,0.318,25324.939,1.0,1.0
2023-06-05,25728.2,-0.619,0.389,25383.456,1.0,1.0
2023-06-06,27230.08,-0.5967,0.4603,25452.0327,1.0,1.0
2023-06-07,26339.34,-0.6099,0.4732,25513.4428,1.0,1.0
2023-06-08,26498.61,-0.6076,0.474,25575.5785,1.0,1.0
2023-06-09,26477.81,-0.6079,0.4722,25635.8261,1.0,1.0
2023-06-10,25841.21,-0.6173,0.48,25688.4791,1.0,1.0
2023-06-11,25925.55,-0.6161,0.4799,25735.672,1.0,1.0
2023-06-12,25905.19,-0.6164,0.4749,25775.5065,1.0,1.0
2023-06-13,25934.25,-0.6159,0.4544,25808.7021,1.0,1.0
2023-06-14,25128.6,-0.6279,0.4718,25837.0827,1.0,1.0
2023-06-15,25598.49,-0.6209,0.4782,25866.5017,1.0,1.0
2023-06-16,26345.0,-0.6099,0.4953,25901.2363,1.0,1.0
2023-06-17,26516.99,-0.6073,0.4539,25940.1664,1.0,1.0
2023-06-18,26339.97,-0.6099,0.4525,25975.2889,1.0,1.0
2023-06-19,26844.35,-0.6025,0.4618,26003.1365,1.0,1.0
2023-06-20,28307.99,-0.5808,0.5107,26039.9661,1.0,1.0
2023-06-21,29993.89,-0.5558,0.5573,26088.5395,1.0,1.0
2023-06-22,29884.92,-0.5574,0.5566,26134.996,1.0,1.0
2023-06-23,30688.5,-0.5455,0.5619,26188.7001,1.0,1.0
2023-06-24,30527.43,-0.5479,0.5637,26238.4767,1.0,1.0
2023-06-25,30462.66,-0.5489,0.501,26288.1634,1.0,1.0
2023-06-26,30267.99,-0.5518,0.4546,26336.1223,1.0,1.0
2023-06-27,30692.44,-0.5455,0.4212,26387.2545,1.0,1.0
2023-06-28,30077.41,-0.5546,0.4377,26429.4886,1.0,1.0
2023-06-29,30447.31,-0.5491,0.4372,26480.2963,1.0,1.0
2023-06-30,30472.0,-0.5487,0.4152,26529.2755,1.0,1.0
2023-07-01,30585.9,-0.547,0.4151,26574.9637,1.0,1.0
2023-07-02,30617.03,-0.5466,0.4145,26622.4843,1.0,1.0
2023-07-03,31156.2,-0.5386,0.4149,26673.9797,1.0,1.0
2023-07-04,30766.51,-0.5444,0.386,26723.5775,1.0,1.0
2023-07-05,30504.81,-0.5482,0.3919,26774.0568,1.0,1.0
2023-07-06,29895.43,-0.5573,0.3997,26821.6095,1.0,1.0
2023-07-07,30344.7,-0.5506,0.4014,26868.9711,1.0,1.0
2023-07-08,30284.63,-0.5515,0.3988,26917.782,1.0,1.0
2023-07-09,30160.71,-0.5533,0.3977,26973.5444,1.0,1.0
2023-07-10,30411.57,-0.5496,0.3368,27032.1203,1.0,1.0
2023-07-11,30622.1,-0.5465,0.2336,27090.5173,1.0,1.0
2023-07-12,30380.0,-0.5501,0.236,27147.827,1.0,1.0
2023-07-13,31454.23,-0.5342,0.255,27212.3621,1.0,1.0
2023-07-14,30312.01,-0.5511,0.3022,27266.4432,1.0,1.0
2023-07-15,30289.52,-0.5514,0.3021,27306.213,1.0,1.0
2023-07-16,30231.99,-0.5523,0.3009,27350.9748,1.0,1.0
2023-07-17,30138.0,-0.5537,0.2945,27388.095,1.0,1.0
2023-07-18,29859.13,-0.5578,0.2842,27422.9429,1.0,1.0
2023-07-19,29909.21,-0.5571,0.2787,27460.5259,1.0,1.0
2023-07-20,29800.0,-0.5587,0.2789,27493.5779,1.0,1.0
2023-07-21,29901.72,-0.5572,0.2788,27529.9083,1.0,1.0
2023-07-22,29794.0,-0.5588,0.2788,27567.3202,1.0,1.0
2023-07-23,30083.75,-0.5545,0.2705,27608.2772,1.0,1.0
2023-07-24,29176.5,-0.5679,0.2943,27648.2186,1.0,1.0
2023-07-25,29228.91,-0.5671,0.2937,27688.6975,1.0,1.0
2023-07-26,29351.96,-0.5653,0.2832,27727.3449,1.0,1.0
2023-07-27,29222.78,-0.5672,0.2743,27765.5495,1.0,1.0
2023-07-28,29314.14,-0.5659,0.2752,27806.7,1.0,1.0
2023-07-29,29352.9,-0.5653,0.2752,27844.8595,1.0,1.0
2023-07-30,29281.09,-0.5664,0.2718,27883.6313,1.0,1.0
2023-07-31,29232.25,-0.5671,0.2689,27929.4841,1.0,1.0
2023-08-01,29705.99,-0.5601,0.2787,27978.5469,1.0,1.0
2023-08-02,29186.01,-0.5678,0.2357,28023.5853,1.0,1.0
2023-08-03,29193.64,-0.5677,0.1824,28068.8096,1.0,1.0
2023-08-04,29113.99,-0.5688,0.1824,28114.9165,1.0,1.0
2023-08-05,29072.13,-0.5695,0.1824,28164.0277,1.0,1.0
2023-08-06,29088.42,-0.5692,0.1826,28222.2024,1.0,1.0
2023-08-07,29211.06,-0.5674,0.1811,28282.6049,1.0,1.0
2023-08-08,29770.42,-0.5591,0.2002,28344.7028,1.0,1.0
2023-08-09,29581.99,-0.5619,0.2014,28395.2687,1.0,1.0
2023-08-10,29455.75,-0.5638,0.2013,28430.8838,1.0,1.0
2023-08-11,29426.03,-0.5642,0.2009,28462.5879,1.0,1.0
2023-08-12,29430.17,-0.5642,0.1956,28496.8847,1.0,1.0
2023-08-13,29303.84,-0.566,0.1451,28525.5851,1.0,1.0
2023-08-14,29430.93,-0.5642,0.146,28539.1571,1.0,1.0
2023-08-15,29200.0,-0.5676,0.149,28554.4405,1.0,1.0
2023-08-16,28730.51,-0.5745,0.1631,28559.4914,1.0,1.0
2023-08-17,26623.41,-0.6057,0.3595,28552.2007,0.0,0.4
2023-08-18,26054.0,-0.6142,0.3653,28538.5243,0.0,0.4
2023-08-19,26100.01,-0.6135,0.3665,28530.8512,0.0,0.4
2023-08-20,26189.99,-0.6121,0.3683,28516.8151,0.0,0.4
2023-08-21,26126.92,-0.6131,0.3557,28507.9647,0.0,0.4
2023-08-22,26056.0,-0.6141,0.3524,28498.5851,0.0,0.4
2023-08-23,26432.72,-0.6086,0.3619,28488.3495,0.0,0.4
2023-08-24,26180.05,-0.6123,0.3623,28482.0505,0.0,0.4
2023-08-25,26060.01,-0.6141,0.3619,28474.0434,0.0,0.4
2023-08-26,26017.37,-0.6147,0.3613,28458.5019,0.0,0.4
2023-08-27,26101.77,-0.6135,0.3608,28445.6568,0.0,0.4
2023-08-28,26120.0,-0.6132,0.345,28430.0211,0.0,0.4
2023-08-29,27716.34,-0.5895,0.4452,28425.1118,0.0,0.4
2023-08-30,27299.99,-0.5957,0.4481,28419.2993,0.0,0.4
2023-08-31,25940.78,-0.6158,0.4911,28406.9045,0.0,0.4
2023-09-01,25805.05,-0.6178,0.4903,28391.1683,0.0,0.4
2023-09-02,25869.51,-0.6169,0.4917,28375.8317,0.0,0.4
2023-09-03,25971.21,-0.6154,0.4916,28362.0809,0.0,0.4
2023-09-04,25826.02,-0.6175,0.4915,28348.2122,0.0,0.4
2023-09-05,25792.1,-0.618,0.4898,28333.9037,0.0,0.4
2023-09-06,25759.95,-0.6185,0.3723,28316.8116,0.0,0.4
2023-09-07,26255.0,-0.6112,0.3709,28294.2627,0.0,0.4
2023-09-08,25910.5,-0.6163,0.3753,28265.6632,0.0,0.4
2023-09-09,25901.61,-0.6164,0.3749,28239.0868,0.0,0.4
2023-09-10,25841.61,-0.6173,0.3749,28208.8719,0.0,0.4
2023-09-11,25162.52,-0.6274,0.3911,28173.5092,0.0,0.4
2023-09-12,25840.1,-0.6173,0.4041,28143.8093,0.0,0.4
2023-09-13,26222.0,-0.6117,0.4076,28116.5916,0.0,0.4
2023-09-14,26522.73,-0.6072,0.4098,28097.208,0.0,0.4
2023-09-15,26600.0,-0.6061,0.4097,28072.0079,0.0,0.4
2023-09-16,26559.67,-0.6067,0.4097,28057.0917,0.0,0.4
2023-09-17,26527.51,-0.6072,0.4098,28045.6508,0.0,0.4
2023-09-18,26762.51,-0.6037,0.3177,28042.3153,0.0,0.4
2023-09-19,27210.26,-0.597,0.3209,28038.2713,0.0,0.4
2023-09-20,27125.0,-0.5983,0.2261,28035.1673,0.0,0.4
2023-09-21,26568.08,-0.6065,0.2449,28028.8817,0.0,0.4
2023-09-22,26580.14,-0.6064,0.2449,28017.4107,0.0,0.4
2023-09-23,26575.96,-0.6064,0.2447,28005.1485,0.0,0.4
2023-09-24,26248.38,-0.6113,0.25,27983.6525,0.0,0.4
2023-09-25,26304.81,-0.6104,0.2498,27963.6066,0.0,0.4
2023-09-26,26221.67,-0.6117,0.2503,27943.5481,0.0,0.4
2023-09-27,26372.99,-0.6094,0.2379,27924.4799,0.0,0.4
2023-09-28,27021.39,-0.5998,0.2508,27917.5008,0.0,0.4
2023-09-29,26906.96,-0.6015,0.2521,27905.7481,0.0,0.4
2023-09-30,26962.56,-0.6007,0.2514,27891.9908,0.0,0.4
2023-10-01,27992.57,-0.5855,0.2596,27886.3535,0.0,0.4
2023-10-02,27494.51,-0.5928,0.2593,27872.9462,0.0,0.4
2023-10-03,27426.46,-0.5938,0.2549,27863.4679,0.0,0.4
2023-10-04,27778.57,-0.5886,0.2559,27859.1244,0.0,0.4
2023-10-05,27410.39,-0.5941,0.2645,27857.4017,0.0,0.4
2023-10-06,27931.09,-0.5864,0.2741,27859.4205,0.0,0.4
2023-10-07,27956.67,-0.586,0.2737,27861.8067,0.0,0.4
2023-10-08,27917.05,-0.5866,0.2727,27868.1295,0.0,0.4
2023-10-09,27590.12,-0.5914,0.2707,27873.4303,0.0,0.4
2023-10-10,27390.12,-0.5944,0.2724,27877.5292,0.0,0.4
2023-10-11,26875.52,-0.602,0.2698,27877.2485,0.0,0.4
2023-10-12,26759.63,-0.6037,0.2707,27874.5651,0.0,0.4
2023-10-13,26862.0,-0.6022,0.2711,27873.4195,0.0,0.4
2023-10-14,26852.48,-0.6023,0.2648,27869.732,0.0,0.4
2023-10-15,27154.15,-0.5979,0.2683,27871.9511,0.0,0.4
2023-10-16,28500.78,-0.5779,0.3333,27882.7546,0.0,0.4
2023-10-17,28395.91,-0.5795,0.3349,27891.3778,0.0,0.4
2023-10-18,28320.0,-0.5806,0.3226,27901.8593,0.0,0.4
2023-10-19,28713.71,-0.5748,0.3247,27914.2889,0.0,0.4
2023-10-20,29669.04,-0.5606,0.3481,27930.6184,1.0,1.0
2023-10-21,29909.8,-0.5571,0.3163,27954.4903,1.0,1.0
2023-10-22,29992.46,-0.5558,0.3016,27977.9481,1.0,1.0
2023-10-23,33069.99,-0.5103,0.4977,28020.3753,1.0,1.0
2023-10-24,33922.73,-0.4976,0.5023,28067.4983,1.0,1.0
2023-10-25,34496.05,-0.4891,0.4918,28110.372,1.0,1.0
2023-10-26,34151.66,-0.4942,0.499,28153.1404,1.0,1.0
2023-10-27,33892.02,-0.4981,0.5033,28194.4579,1.0,1.0
2023-10-28,34081.0,-0.4953,0.5012,28240.2622,1.0,1.0
2023-10-29,34525.89,-0.4887,0.4917,28291.6486,1.0,1.0
2023-10-30,34474.73,-0.4895,0.4881,28339.8629,1.0,1.0
2023-10-31,34639.77,-0.487,0.4698,28390.3332,1.0,1.0
2023-11-01,35421.43,-0.4754,0.465,28445.708,1.0,1.0
2023-11-02,34941.59,-0.4825,0.4782,28507.1306,1.0,1.0
2023-11-03,34716.78,-0.4859,0.4822,28557.0419,1.0,1.0
2023-11-04,35062.07,-0.4808,0.4823,28615.1935,1.0,1.0
2023-11-05,35011.88,-0.4815,0.458,28671.9486,1.0,1.0
2023-11-06,35046.09,-0.481,0.4557,28729.0705,1.0,1.0
2023-11-07,35399.12,-0.4758,0.4518,28792.7899,1.0,1.0
2023-11-08,35624.72,-0.4724,0.4521,28857.451,1.0,1.0
2023-11-09,36701.09,-0.4565,0.4495,28929.4237,1.0,1.0
2023-11-10,37301.63,-0.4476,0.45,29005.2062,1.0,1.0
2023-11-11,37130.0,-0.4501,0.4537,29085.2155,1.0,1.0
2023-11-12,37064.13,-0.4511,0.2321,29161.6531,1.0,1.0
2023-11-13,36462.93,-0.46,0.2324,29229.106,1.0,1.0
2023-11-14,35551.19,-0.4735,0.2551,29289.334,1.0,1.0
2023-11-15,37858.2,-0.4394,0.3602,29366.1222,1.0,1.0
2023-11-16,36163.51,-0.4644,0.4184,29428.2499,1.0,1.0
2023-11-17,36613.92,-0.4578,0.4202,29483.6228,1.0,1.0
2023-11-18,36568.1,-0.4585,0.4185,29527.4509,1.0,1.0
2023-11-19,37359.86,-0.4467,0.4253,29577.2838,1.0,1.0
2023-11-20,37448.78,-0.4454,0.4253,29622.3523,1.0,1.0
2023-11-21,35741.65,-0.4707,0.4679,29657.1138,1.0,1.0
2023-11-22,37408.34,-0.446,0.5008,29703.4183,1.0,1.0
2023-11-23,37294.28,-0.4477,0.4998,29750.2603,1.0,1.0
2023-11-24,37713.57,-0.4415,0.5001,29797.0678,1.0,1.0
2023-11-25,37780.67,-0.4405,0.4997,29848.4229,1.0,1.0
2023-11-26,37447.43,-0.4454,0.5025,29895.0903,1.0,1.0
2023-11-27,37242.7,-0.4485,0.5029,29940.2283,1.0,1.0
2023-11-28,37818.87,-0.4399,0.5057,29988.4481,1.0,1.0
2023-11-29,37854.64,-0.4394,0.4911,30036.6989,1.0,1.0
2023-11-30,37723.96,-0.4413,0.487,30080.4839,1.0,1.0
2023-12-01,38682.52,-0.4271,0.4973,30133.2573,1.0,1.0
2023-12-02,39450.35,-0.4158,0.5026,30192.8943,1.0,1.0
2023-12-03,39972.26,-0.408,0.4964,30260.0731,1.0,1.0
2023-12-04,41991.1,-0.3781,0.5121,30337.7158,1.0,1.0
2023-12-05,44073.32,-0.3473,0.4855,30429.6404,1.0,1.0
2023-12-06,43762.69,-0.3519,0.4285,30520.3203,1.0,1.0
2023-12-07,43273.14,-0.3592,0.4373,30606.0641,1.0,1.0
2023-12-08,44170.99,-0.3459,0.438,30696.39,1.0,1.0
2023-12-09,43713.6,-0.3526,0.4424,30785.2807,1.0,1.0
2023-12-10,43789.51,-0.3515,0.4425,30867.5159,1.0,1.0
2023-12-11,41253.4,-0.3891,0.4755,30940.4585,1.0,1.0
2023-12-12,41492.39,-0.3855,0.4431,31015.1443,1.0,1.0
2023-12-13,42869.03,-0.3651,0.4564,31099.3912,1.0,1.0
2023-12-14,43022.26,-0.3629,0.4562,31185.2863,1.0,1.0
2023-12-15,41940.3,-0.3789,0.4761,31265.8274,1.0,1.0
2023-12-16,42278.03,-0.3739,0.472,31348.2862,1.0,1.0
2023-12-17,41374.65,-0.3873,0.4844,31425.4505,1.0,1.0
2023-12-18,42657.8,-0.3683,0.4947,31510.4911,1.0,1.0
2023-12-19,42275.99,-0.3739,0.4985,31593.7043,1.0,1.0
2023-12-20,43668.93,-0.3533,0.5095,31684.2722,1.0,1.0
2023-12-21,43861.8,-0.3504,0.5033,31782.1742,1.0,1.0
2023-12-22,43969.04,-0.3489,0.4998,31880.4417,1.0,1.0
2023-12-23,43702.16,-0.3528,0.5009,31976.1097,1.0,1.0
2023-12-24,42991.5,-0.3633,0.4653,32067.9012,1.0,1.0
2023-12-25,43576.13,-0.3547,0.4188,32162.9811,1.0,1.0
2023-12-26,42508.93,-0.3705,0.4308,32250.688,1.0,1.0
2023-12-27,43428.85,-0.3569,0.439,32345.0064,1.0,1.0
2023-12-28,42563.76,-0.3697,0.4372,32433.8831,1.0,1.0
2023-12-29,42066.95,-0.377,0.4377,32516.2895,1.0,1.0
2023-12-30,42140.28,-0.3759,0.4377,32602.6513,1.0,1.0
2023-12-31,42283.58,-0.3738,0.3525,32689.9176,1.0,1.0
2024-01-01,44179.55,-0.3457,0.3967,32790.3547,1.0,1.0
2024-01-02,44946.91,-0.3344,0.3798,32896.1865,1.0,1.0
2024-01-03,42845.23,-0.3655,0.4361,32987.8986,1.0,1.0
2024-01-04,44151.1,-0.3462,0.4388,33087.4989,1.0,1.0
2024-01-05,44145.11,-0.3462,0.4382,33183.3301,1.0,1.0
2024-01-06,43968.32,-0.3489,0.4262,33279.239,1.0,1.0
2024-01-07,43929.02,-0.3494,0.408,33375.7275,1.0,1.0
2024-01-08,46951.04,-0.3047,0.4901,33492.5609,1.0,1.0
2024-01-09,46110.0,-0.3172,0.4837,33603.7597,1.0,1.0
2024-01-10,46653.99,-0.3091,0.4852,33719.4274,1.0,1.0
2024-01-11,46339.16,-0.3138,0.4871,33832.1489,1.0,1.0
2024-01-12,42782.73,-0.3664,0.601,33922.7005,1.0,1.0
2024-01-13,42847.99,-0.3655,0.5971,34016.817,1.0,1.0
2024-01-14,41732.35,-0.382,0.6038,34117.5433,1.0,1.0
2024-01-15,42511.1,-0.3704,0.601,34227.2573,1.0,1.0
2024-01-16,43137.95,-0.3612,0.597,34340.8435,1.0,1.0
2024-01-17,42776.1,-0.3665,0.5916,34451.4176,1.0,1.0
2024-01-18,41327.5,-0.388,0.6082,34552.7548,1.0,1.0
2024-01-19,41659.03,-0.3831,0.6093,34656.775,1.0,1.0
2024-01-20,41696.04,-0.3825,0.6091,34758.5305,1.0,1.0
2024-01-21,41580.33,-0.3842,0.5752,34861.199,1.0,1.0
2024-01-22,39568.02,-0.414,0.6003,34951.2524,1.0,1.0
2024-01-23,39897.6,-0.4092,0.573,35043.7873,1.0,1.0
2024-01-24,40084.88,-0.4064,0.5544,35137.008,1.0,1.0
2024-01-25,39961.09,-0.4082,0.5541,35229.2819,1.0,1.0
2024-01-26,41823.51,-0.3806,0.5947,35323.3297,1.0,1.0
2024-01-27,42120.63,-0.3762,0.5961,35422.134,1.0,1.0
2024-01-28,42031.06,-0.3776,0.5102,35529.4025,1.0,1.0
2024-01-29,43302.7,-0.3587,0.5283,35646.0535,1.0,1.0
2024-01-30,42941.1,-0.3641,0.5244,35759.8641,1.0,1.0
2024-01-31,42580.0,-0.3694,0.5246,35870.5894,1.0,1.0
2024-02-01,43082.94,-0.362,0.4027,35985.6355,1.0,1.0
2024-02-02,43200.0,-0.3602,0.4028,36101.6882,1.0,1.0
2024-02-03,43011.09,-0.363,0.3853,36216.6958,1.0,1.0
2024-02-04,42582.88,-0.3694,0.3803,36325.5483,1.0,1.0
2024-02-05,42708.7,-0.3675,0.375,36437.5363,1.0,1.0
2024-02-06,43098.95,-0.3617,0.3753,36552.1853,1.0,1.0
2024-02-07,44349.6,-0.3432,0.3593,36675.5719,1.0,1.0
2024-02-08,45288.65,-0.3293,0.3665,36809.7461,1.0,1.0
2024-02-09,47132.77,-0.302,0.3965,36951.6972,1.0,1.0
2024-02-10,47751.09,-0.2928,0.3954,37095.2245,1.0,1.0
2024-02-11,48299.99,-0.2847,0.303,37240.4062,1.0,1.0
2024-02-12,49917.27,-0.2608,0.3183,37395.8547,1.0,1.0
2024-02-13,49699.59,-0.264,0.3241,37550.1208,1.0,1.0
2024-02-14,51795.17,-0.233,0.3427,37718.5719,1.0,1.0
2024-02-15,51880.0,-0.2317,0.3125,37886.0218,1.0,1.0
2024-02-16,52124.11,-0.2281,0.3132,38052.1141,1.0,1.0
2024-02-17,51642.64,-0.2352,0.3202,38215.5651,1.0,1.0
2024-02-18,52137.67,-0.2279,0.3079,38386.029,1.0,1.0
2024-02-19,51774.73,-0.2333,0.3064,38553.9929,1.0,1.0
2024-02-20,52258.82,-0.2261,0.2958,38725.212,1.0,1.0
2024-02-21,51849.39,-0.2322,0.3056,38895.8854,1.0,1.0
2024-02-22,51288.42,-0.2405,0.3165,39062.4428,1.0,1.0
2024-02-23,50744.15,-0.2485,0.3226,39225.926,1.0,1.0
2024-02-24,51568.22,-0.2363,0.3133,39393.8942,1.0,1.0
2024-02-25,51728.85,-0.2339,0.3132,39558.6106,1.0,1.0
2024-02-26,54476.47,-0.1932,0.3613,39742.4073,1.0,1.0
2024-02-27,57037.34,-0.1553,0.3838,39942.9059,1.0,1.0
2024-02-28,62432.1,-0.0754,0.5075,40172.5027,1.0,1.0
2024-02-29,61130.98,-0.0947,0.5191,40396.7459,1.0,1.0
2024-03-01,62387.9,-0.0761,0.5201,40629.8221,1.0,1.0
2024-03-02,61987.28,-0.082,0.5269,40857.8802,1.0,1.0
2024-03-03,63113.97,-0.0653,0.5196,41095.9041,1.0,1.0
2024-03-04,68245.71,0.0,0.5859,41364.6682,1.0,1.0
2024-03-05,63724.01,-0.0663,0.6754,41603.1171,1.0,1.0
2024-03-06,66074.04,-0.0318,0.6829,41857.4971,1.0,1.0
2024-03-07,66823.17,-0.0208,0.6821,42119.0507,1.0,1.0
2024-03-08,68124.19,-0.0018,0.6755,42390.6112,1.0,1.0
2024-03-09,68313.27,0.0,0.677,42666.8629,1.0,1.0
2024-03-10,68955.88,0.0,0.671,42948.1712,1.0,1.0
2024-03-11,72078.1,0.0,0.6825,43249.6119,1.0,1.0
2024-03-12,71452.01,-0.0087,0.6831,43546.9421,1.0,1.0
2024-03-13,73072.41,0.0,0.6727,43853.0638,1.0,1.0
2024-03-14,71388.94,-0.023,0.685,44138.9849,1.0,1.0
2024-03-15,69499.85,-0.0489,0.7102,44413.0111,1.0,1.0
2024-03-16,65300.63,-0.1064,0.7824,44659.5487,1.0,1.0
2024-03-17,68393.48,-0.064,0.7774,44924.0805,1.0,1.0
2024-03-18,67609.99,-0.0748,0.767,45177.0201,1.0,1.0
2024-03-19,61937.4,-0.1524,0.7789,45390.5375,1.0,1.0
2024-03-20,67840.51,-0.0716,0.8643,45642.8578,1.0,1.0
2024-03-21,65501.27,-0.1036,0.8779,45859.0663,1.0,1.0
2024-03-22,63796.64,-0.1269,0.8859,46058.2257,1.0,1.0
2024-03-23,63990.01,-0.1243,0.8828,46254.8521,1.0,1.0
2024-03-24,67209.99,-0.0802,0.8416,46475.241,1.0,1.0
2024-03-25,69880.01,-0.0437,0.7995,46715.1609,1.0,1.0
2024-03-26,69988.0,-0.0422,0.7868,46954.5409,1.0,1.0
2024-03-27,69469.99,-0.0493,0.787,47187.5016,1.0,1.0
2024-03-28,70780.6,-0.0314,0.7867,47429.5407,1.0,1.0
2024-03-29,69850.54,-0.0441,0.7894,47664.2792,1.0,1.0
2024-03-30,69582.18,-0.0478,0.7887,47892.0175,1.0,1.0
2024-03-31,71280.01,-0.0245,0.7717,48134.2737,1.0,1.0
2024-04-01,69649.8,-0.0468,0.7771,48367.1605,1.0,1.0
2024-04-02,65463.99,-0.1041,0.8106,48569.8399,1.0,1.0
2024-04-03,65963.28,-0.0973,0.8083,48776.1826,1.0,1.0
2024-04-04,68487.79,-0.0627,0.82,48999.1273,1.0,1.0
2024-04-05,67820.62,-0.0719,0.7736,49215.2706,1.0,1.0
2024-04-06,68896.0,-0.0572,0.7506,49437.0791,1.0,1.0
2024-04-07,69360.39,-0.0508,0.7491,49654.8078,1.0,1.0
2024-04-08,71620.0,-0.0199,0.6432,49883.5969,1.0,1.0
2024-04-09,69146.0,-0.0537,0.546,50097.0369,1.0,1.0
2024-04-10,70631.08,-0.0334,0.5273,50320.8166,1.0,1.0
2024-04-11,70006.23,-0.042,0.5132,50544.4386,1.0,1.0
2024-04-12,67116.52,-0.0815,0.5509,50754.8741,1.0,1.0
2024-04-13,63924.51,-0.1252,0.55,50928.6495,1.0,1.0
2024-04-14,65661.84,-0.1014,0.5347,51125.3051,1.0,1.0
2024-04-15,63419.99,-0.1321,0.5508,51304.0122,1.0,1.0
2024-04-16,63793.39,-0.127,0.5526,51485.5141,1.0,1.0
2024-04-17,61277.37,-0.1614,0.5628,51644.9642,1.0,1.0
2024-04-18,63470.08,-0.1314,0.5902,51818.4395,1.0,1.0
2024-04-19,63818.01,-0.1266,0.5918,52005.6153,1.0,1.0
2024-04-20,64940.59,-0.1113,0.5863,52189.1636,1.0,1.0
2024-04-21,64941.15,-0.1113,0.5806,52373.4761,1.0,1.0
2024-04-22,66819.32,-0.0856,0.5322,52567.5144,1.0,1.0
2024-04-23,66414.0,-0.0911,0.5322,52758.4033,1.0,1.0
2024-04-24,64289.59,-0.1202,0.5221,52937.351,1.0,1.0
2024-04-25,64498.34,-0.1173,0.5219,53119.0553,1.0,1.0
2024-04-26,63770.01,-0.1273,0.5165,53292.0629,1.0,1.0
2024-04-27,63461.98,-0.1315,0.5143,53462.7785,1.0,1.0
2024-04-28,63118.62,-0.1362,0.4874,53632.0762,1.0,1.0
2024-04-29,63866.0,-0.126,0.4752,53799.9661,1.0,1.0
2024-04-30,60672.0,-0.1697,0.5016,53941.4437,1.0,1.0
2024-05-01,58364.97,-0.2013,0.519,54064.0618,1.0,1.0
2024-05-02,59060.61,-0.1918,0.5039,54177.8585,1.0,1.0
2024-05-03,62882.01,-0.1395,0.5471,54303.2498,1.0,1.0
2024-05-04,63892.04,-0.1256,0.5384,54437.4455,1.0,1.0
2024-05-05,64012.0,-0.124,0.5171,54575.7045,1.0,1.0
2024-05-06,63165.19,-0.1356,0.5198,54702.3325,1.0,1.0
2024-05-07,62312.08,-0.1473,0.4924,54826.3224,1.0,1.0
2024-05-08,61193.03,-0.1626,0.4733,54942.3459,1.0,1.0
2024-05-09,63074.01,-0.1368,0.4921,55087.8166,1.0,1.0
2024-05-10,60799.99,-0.1679,0.5081,55216.5339,1.0,1.0
2024-05-11,60825.99,-0.1676,0.5082,55336.247,1.0,1.0
2024-05-12,61483.99,-0.1586,0.4923,55459.3252,1.0,1.0
2024-05-13,62940.08,-0.1387,0.506,55599.3237,1.0,1.0
2024-05-14,61577.49,-0.1573,0.4959,55727.9868,1.0,1.0
2024-05-15,66206.5,-0.094,0.5897,55893.5325,1.0,1.0
2024-05-16,65235.21,-0.1073,0.5913,56044.0485,1.0,1.0
2024-05-17,67024.0,-0.0828,0.6007,56209.0353,1.0,1.0
2024-05-18,66915.2,-0.0843,0.5999,56364.0104,1.0,1.0
2024-05-19,66274.01,-0.093,0.6008,56513.4251,1.0,1.0
2024-05-20,71446.62,-0.0222,0.6282,56696.609,1.0,1.0
2024-05-21,70148.34,-0.04,0.6045,56872.9169,1.0,1.0
2024-05-22,69166.62,-0.0535,0.6124,57047.4177,1.0,1.0
2024-05-23,67969.65,-0.0698,0.5688,57210.0411,1.0,1.0
2024-05-24,68549.99,-0.0619,0.5666,57383.6482,1.0,1.0
2024-05-25,69290.57,-0.0518,0.5674,57556.0597,1.0,1.0
2024-05-26,68507.67,-0.0625,0.5663,57729.0191,1.0,1.0
2024-05-27,69436.43,-0.0498,0.5619,57911.4823,1.0,1.0
2024-05-28,68398.39,-0.064,0.5596,58086.5363,1.0,1.0
2024-05-29,67652.42,-0.0742,0.5523,58255.6619,1.0,1.0
2024-05-30,68352.17,-0.0646,0.5222,58416.8127,1.0,1.0
2024-05-31,67540.01,-0.0757,0.5273,58567.4334,1.0,1.0
2024-06-01,67766.85,-0.0726,0.5268,58733.5775,1.0,1.0
2024-06-02,67765.63,-0.0726,0.5204,58891.0077,1.0,1.0
2024-06-03,68809.9,-0.0583,0.5094,59055.4397,1.0,1.0
2024-06-04,70537.84,-0.0347,0.4224,59232.5698,1.0,1.0
2024-06-05,71108.0,-0.0269,0.4149,59413.763,1.0,1.0
2024-06-06,70799.06,-0.0311,0.4034,59572.7498,1.0,1.0
2024-06-07,69355.6,-0.0509,0.4153,59727.7205,1.0,1.0
2024-06-08,69310.46,-0.0515,0.4123,59878.7636,1.0,1.0
2024-06-09,69648.14,-0.0469,0.2515,60034.1568,1.0,1.0
2024-06-10,69540.0,-0.0483,0.2396,60212.5386,1.0,1.0
2024-06-11,67314.24,-0.0788,0.2707,60375.6469,1.0,1.0
2024-06-12,68263.99,-0.0658,0.2681,60552.5245,1.0,1.0
2024-06-13,66773.01,-0.0862,0.2815,60714.2706,1.0,1.0
2024-06-14,66043.99,-0.0962,0.2789,60866.9775,1.0,1.0
2024-06-15,66228.25,-0.0937,0.2767,61023.3252,1.0,1.0
2024-06-16,66676.87,-0.0875,0.2711,61192.321,1.0,1.0
2024-06-17,66504.33,-0.0899,0.2647,61357.9563,1.0,1.0
2024-06-18,65175.32,-0.1081,0.2739,61514.4849,1.0,1.0
2024-06-19,64974.37,-0.1108,0.2684,61670.4451,1.0,1.0
2024-06-20,64869.99,-0.1123,0.265,61839.1249,1.0,1.0
2024-06-21,64143.56,-0.1222,0.2667,62000.7647,1.0,1.0
2024-06-22,64262.01,-0.1206,0.2672,62161.9455,1.0,1.0
2024-06-23,63210.01,-0.135,0.2606,62316.9383,1.0,1.0
2024-06-24,60293.3,-0.1749,0.2867,62440.0703,1.0,0.1
2024-06-25,61806.01,-0.1542,0.3123,62571.3061,1.0,0.1
2024-06-26,60864.99,-0.1671,0.3141,62696.8657,1.0,0.1
2024-06-27,61706.47,-0.1555,0.3208,62819.5575,1.0,0.1
2024-06-28,60427.84,-0.173,0.3262,62936.1357,1.0,0.1
2024-06-29,60986.68,-0.1654,0.3297,63058.8469,1.0,0.1
2024-06-30,62772.01,-0.141,0.3627,63190.1074,1.0,0.1
2024-07-01,62899.99,-0.1392,0.3419,63321.4407,1.0,0.1
2024-07-02,62135.47,-0.1497,0.3346,63448.9365,1.0,0.1
2024-07-03,60208.58,-0.176,0.3462,63566.4412,0.0,0.1
2024-07-04,57050.01,-0.2193,0.4038,63662.0499,0.0,0.2
2024-07-05,56628.79,-0.225,0.4012,63752.2489,0.0,0.2
2024-07-06,58230.13,-0.2031,0.4254,63844.7857,0.0,0.2
2024-07-07,55857.81,-0.2356,0.4499,63915.2468,0.0,0.2
2024-07-08,56714.62,-0.2239,0.458,63979.1258,0.0,0.2
2024-07-09,58050.0,-0.2056,0.4757,64047.7852,0.0,0.2
2024-07-10,57725.85,-0.21,0.4754,64110.6243,0.0,0.2
2024-07-11,57339.89,-0.2153,0.4748,64160.1084,0.0,0.2
2024-07-12,57889.1,-0.2078,0.4782,64214.7051,0.0,0.2
2024-07-13,59204.02,-0.1898,0.4894,64264.0975,0.0,0.1
2024-07-14,60797.91,-0.168,0.4629,64323.5502,0.0,0.1
2024-07-15,64724.14,-0.1142,0.5251,64407.5504,0.0,0.1
2024-07-16,65043.99,-0.1099,0.5191,64496.8927,0.0,0.1
2024-07-17,64087.99,-0.123,0.5224,64576.5615,0.0,0.1
2024-07-18,63987.92,-0.1243,0.5126,64657.9828,0.0,0.1
2024-07-19,66660.0,-0.0878,0.5374,64753.9907,0.0,0.0
2024-07-20,67139.96,-0.0812,0.5264,64855.9278,0.0,1.0
2024-07-21,68165.34,-0.0672,0.5287,64968.4406,0.0,1.0
2024-07-22,67532.01,-0.0758,0.5272,65080.3597,0.0,1.0
2024-07-23,65936.01,-0.0977,0.5182,65176.1449,0.0,1.0
2024-07-24,65376.0,-0.1053,0.452,65267.1259,0.0,1.0
2024-07-25,65799.95,-0.0995,0.4475,65342.6158,0.0,1.0
2024-07-26,67907.99,-0.0707,0.4509,65415.0868,0.0,1.0
2024-07-27,67896.5,-0.0708,0.3952,65451.5161,0.0,1.0
2024-07-28,68249.88,-0.066,0.3949,65498.9755,0.0,1.0
2024-07-29,66784.69,-0.086,0.4106,65528.2874,0.0,1.0
2024-07-30,66188.0,-0.0942,0.4129,65556.2922,0.0,1.0
2024-07-31,64628.0,-0.1156,0.4298,65566.3857,0.0,1.0
2024-08-01,65354.02,-0.1056,0.4302,65547.1078,0.0,1.0
2024-08-02,61498.33,-0.1584,0.509,65532.2699,0.0,0.1
2024-08-03,60697.99,-0.1693,0.5002,65496.4296,0.0,0.1
2024-08-04,58161.0,-0.2041,0.4462,65438.6818,0.0,0.2
2024-08-05,54018.81,-0.2607,0.5304,65344.6459,0.0,0.2
2024-08-06,56022.01,-0.2333,0.5642,65262.7042,0.0,0.2
2024-08-07,55134.16,-0.2455,0.565,65170.5594,0.0,0.2
2024-08-08,61685.99,-0.1558,0.7381,65101.2787,0.0,0.1
2024-08-09,60837.99,-0.1674,0.7375,65030.5185,0.0,0.1
2024-08-10,60923.51,-0.1663,0.7327,64949.5259,0.0,0.1
2024-08-11,58712.59,-0.1965,0.7448,64865.0169,0.0,0.1
2024-08-12,59346.64,-0.1878,0.7444,64797.3288,0.0,0.1
2024-08-13,60587.15,-0.1709,0.7523,64765.9056,0.0,0.1
2024-08-14,58683.39,-0.1969,0.7601,64701.1717,0.0,0.1
2024-08-15,57541.06,-0.2125,0.7432,64634.0455,0.0,0.2
2024-08-16,58874.6,-0.1943,0.7545,64613.6268,0.0,0.1
2024-08-17,59491.99,-0.1858,0.7564,64557.97,0.0,0.1
2024-08-18,58427.35,-0.2004,0.7552,64510.8105,0.0,0.2
2024-08-19,59438.5,-0.1866,0.7619,64481.7563,0.0,0.1
2024-08-20,59013.8,-0.1924,0.7575,64448.5815,0.0,0.1
2024-08-21,61156.03,-0.1631,0.7743,64408.2218,0.0,0.1
2024-08-22,60375.84,-0.1738,0.7318,64344.8607,0.0,0.1
2024-08-23,64037.24,-0.1236,0.7723,64305.1889,0.0,0.1
2024-08-24,64157.01,-0.122,0.7449,64269.7691,0.0,0.1
2024-08-25,64220.0,-0.1211,0.6562,64226.0317,0.0,0.1
2024-08-26,62834.0,-0.1401,0.656,64179.2548,0.0,0.1
2024-08-27,59415.0,-0.1869,0.7021,64111.4736,0.0,0.1
2024-08-28,59034.9,-0.1921,0.505,64029.8395,0.0,0.1
2024-08-29,59359.01,-0.1877,0.5031,63961.2343,0.0,0.1
2024-08-30,59123.99,-0.1909,0.5031,63918.9676,0.0,0.1
2024-08-31,58973.99,-0.1929,0.4773,63872.3723,0.0,0.1
2024-09-01,57301.86,-0.2158,0.4903,63797.7995,0.0,0.2
2024-09-02,59132.13,-0.1908,0.5017,63739.8762,0.0,0.1
2024-09-03,57487.73,-0.2133,0.4976,63663.8211,0.0,0.2
2024-09-04,57970.9,-0.2067,0.4918,63587.8911,0.0,0.2
2024-09-05,56180.0,-0.2312,0.4987,63484.9578,0.0,0.2
2024-09-06,53962.97,-0.2615,0.5203,63383.7376,0.0,0.2
2024-09-07,54160.86,-0.2588,0.518,63273.9361,0.0,0.2
2024-09-08,54869.95,-0.2491,0.515,63173.0276,0.0,0.2
2024-09-09,57042.0,-0.2194,0.5461,63105.8641,0.0,0.2
2024-09-10,57635.99,-0.2112,0.5231,63063.9407,0.0,0.2
2024-09-11,57338.0,-0.2153,0.5213,63008.4484,0.0,0.2
2024-09-12,58132.32,-0.2045,0.4499,62973.1973,0.0,0.2
2024-09-13,60498.0,-0.1721,0.4885,62951.228,0.0,0.1
2024-09-14,59993.03,-0.179,0.4887,62942.6657,0.0,0.1
2024-09-15,59132.0,-0.1908,0.4843,62913.7452,0.0,0.1
2024-09-16,58213.99,-0.2033,0.4269,62876.3851,0.0,0.2
2024-09-17,60313.99,-0.1746,0.4534,62845.5411,0.0,0.1
2024-09-18,61759.99,-0.1548,0.4634,62824.3333,0.0,0.1
2024-09-19,62947.99,-0.1386,0.4681,62798.5245,0.0,0.1
2024-09-20,63201.05,-0.1351,0.4674,62777.1048,0.0,0.1
2024-09-21,63348.96,-0.1331,0.4445,62770.8339,0.0,0.1
2024-09-22,63578.76,-0.1299,0.4284,62764.7034,0.0,0.1
2024-09-23,63339.99,-0.1332,0.4056,62761.8366,0.0,0.1
2024-09-24,64262.7,-0.1206,0.4074,62767.1747,0.0,0.1
2024-09-25,63152.01,-0.1358,0.3873,62767.3973,0.0,0.1
2024-09-26,65173.99,-0.1081,0.3418,62776.1173,0.0,1.0
2024-09-27,65769.95,-0.0999,0.3408,62810.1036,0.0,1.0
2024-09-28,65858.0,-0.0987,0.3423,62860.0571,0.0,1.0
2024-09-29,65602.01,-0.1022,0.319,62903.6665,0.0,1.0
2024-09-30,63327.59,-0.1334,0.3659,62906.637,0.0,1.0
2024-10-01,60805.78,-0.1679,0.4126,62886.0619,0.0,0.1
2024-10-02,60649.28,-0.17,0.4103,62863.6438,0.0,0.1
2024-10-03,60752.71,-0.1686,0.3736,62847.5606,0.0,0.1
2024-10-04,62086.0,-0.1503,0.3823,62846.0534,0.0,0.1
2024-10-05,62058.0,-0.1507,0.3755,62851.8199,0.0,0.1
2024-10-06,62819.91,-0.1403,0.3686,62850.1259,0.0,0.1
2024-10-07,62224.0,-0.1485,0.3437,62859.6193,0.0,0.1
2024-10-08,62160.49,-0.1493,0.329,62868.5159,0.0,0.1
2024-10-09,60636.02,-0.1702,0.3344,62862.8628,0.0,0.1
2024-10-10,60326.39,-0.1744,0.3336,62845.4382,0.0,0.1
2024-10-11,62540.0,-0.1441,0.3715,62851.8549,0.0,0.1
2024-10-12,63206.22,-0.135,0.3742,62831.8531,0.0,0.1
2024-10-13,62870.02,-0.1396,0.3746,62816.0851,0.0,0.1
2024-10-14,66083.99,-0.0956,0.4282,62809.8184,1.0,1.0
2024-10-15,67074.14,-0.0821,0.4231,62810.878,1.0,1.0
2024-10-16,67620.01,-0.0746,0.4042,62819.8513,1.0,1.0
2024-10-17,67421.78,-0.0773,0.4033,62793.0191,1.0,1.0
2024-10-18,68428.0,-0.0636,0.4075,62781.5501,1.0,1.0
2024-10-19,68378.0,-0.0642,0.4068,62776.2927,1.0,1.0
2024-10-20,69031.99,-0.0553,0.3713,62783.3749,1.0,1.0
2024-10-21,67377.5,-0.0779,0.3383,62775.5583,1.0,1.0
2024-10-22,67426.0,-0.0773,0.3372,62763.1279,1.0,1.0
2024-10-23,66668.65,-0.0876,0.3443,62750.8677,1.0,1.0
2024-10-24,68198.28,-0.0667,0.3453,62742.6134,1.0,1.0
2024-10-25,66698.33,-0.0872,0.3636,62731.2797,1.0,1.0
2024-10-26,67092.76,-0.0818,0.3617,62727.5486,1.0,1.0
2024-10-27,68021.7,-0.0691,0.3595,62725.3455,1.0,1.0
2024-10-28,69962.21,-0.0426,0.3723,62741.4935,1.0,1.0
2024-10-29,72736.42,-0.0046,0.3707,62774.6239,1.0,1.0
2024-10-30,72344.74,-0.01,0.371,62805.1513,1.0,1.0
2024-10-31,70292.01,-0.038,0.3836,62815.0321,1.0,1.0
2024-11-01,69496.01,-0.0489,0.3898,62808.0865,1.0,1.0
2024-11-02,69374.74,-0.0506,0.3883,62796.5315,1.0,1.0
2024-11-03,68775.99,-0.0588,0.3351,62783.0443,1.0,1.0
2024-11-04,67850.01,-0.0715,0.3361,62773.0071,1.0,1.0
2024-11-05,69372.01,-0.0506,0.3474,62773.4174,1.0,1.0
2024-11-06,75571.99,0.0,0.4994,62812.9097,1.0,1.0
2024-11-07,75857.89,0.0,0.4977,62855.029,1.0,1.0
2024-11-08,76509.78,0.0,0.4972,62916.3326,1.0,1.0
2024-11-09,76677.46,0.0,0.4971,62972.4224,1.0,1.0
2024-11-10,80370.01,0.0,0.5089,63063.0691,1.0,1.0
2024-11-11,88647.99,0.0,0.6337,63213.7624,1.0,1.0
2024-11-12,87952.01,-0.0079,0.6313,63358.5875,1.0,1.0
2024-11-13,90375.2,0.0,0.6328,63516.5763,1.0,1.0
2024-11-14,87325.59,-0.0337,0.648,63655.3847,1.0,1.0
2024-11-15,91032.07,0.0,0.6579,63827.7631,1.0,1.0
2024-11-16,90586.92,-0.0049,0.6635,63998.5134,1.0,1.0
2024-11-17,89855.99,-0.0129,0.667,64165.0867,1.0,1.0
2024-11-18,90464.08,-0.0062,0.6567,64340.5569,1.0,1.0
2024-11-19,92310.79,0.0,0.6536,64527.5487,1.0,1.0
2024-11-20,94286.56,0.0,0.6277,64734.7257,1.0,1.0
2024-11-21,98317.12,0.0,0.6265,64988.2179,1.0,1.0
2024-11-22,98892.0,0.0,0.6229,65235.4578,1.0,1.0
2024-11-23,97672.4,-0.0123,0.6261,65480.8405,1.0,1.0
2024-11-24,97900.04,-0.01,0.6145,65722.131,1.0,1.0
2024-11-25,93010.01,-0.0595,0.682,65939.3455,1.0,1.0
2024-11-26,91965.16,-0.07,0.6102,66145.8687,1.0,1.0
2024-11-27,95863.11,-0.0306,0.6242,66366.476,1.0,1.0
2024-11-28,95643.98,-0.0328,0.627,66584.7693,1.0,1.0
2024-11-29,97460.0,-0.0145,0.6264,66820.2661,1.0,1.0
2024-11-30,96407.99,-0.0251,0.6129,67061.5955,1.0,1.0
2024-12-01,97185.18,-0.0173,0.4647,67329.1633,1.0,1.0
2024-12-02,95840.62,-0.0309,0.4685,67590.5755,1.0,1.0
2024-12-03,95849.69,-0.0308,0.4572,67841.3726,1.0,1.0
2024-12-04,98587.32,-0.0031,0.4369,68126.236,1.0,1.0
2024-12-05,96945.63,-0.0197,0.4164,68394.4427,1.0,1.0
2024-12-06,99740.84,0.0,0.4282,68672.3817,1.0,1.0
2024-12-07,99831.99,0.0,0.4247,68953.0893,1.0,1.0
2024-12-08,101109.59,0.0,0.4259,69244.8873,1.0,1.0
2024-12-09,97276.47,-0.0379,0.4599,69507.4697,1.0,1.0
2024-12-10,96593.0,-0.0447,0.4537,69756.7296,1.0,1.0
2024-12-11,101125.0,0.0,0.4609,70025.5769,1.0,1.0
2024-12-12,100004.29,-0.0111,0.4634,70260.7779,1.0,1.0
2024-12-13,101424.25,0.0,0.463,70503.3129,1.0,1.0
2024-12-14,101420.0,-0.0,0.4631,70752.193,1.0,1.0
2024-12-15,104463.99,0.0,0.4112,71022.0335,1.0,1.0
2024-12-16,106058.66,0.0,0.4055,71284.6912,1.0,1.0
2024-12-17,106133.74,0.0,0.3754,71544.6497,1.0,1.0
2024-12-18,100204.01,-0.0559,0.4606,71758.2409,1.0,1.0
2024-12-19,97461.86,-0.0817,0.4715,71957.7732,1.0,1.0
2024-12-20,97805.44,-0.0785,0.4691,72170.2361,1.0,1.0
2024-12-21,97291.99,-0.0833,0.4686,72383.0093,1.0,1.0
2024-12-22,95186.27,-0.1031,0.4743,72578.9181,1.0,1.0
2024-12-23,94881.47,-0.106,0.4745,72758.7413,1.0,1.0
2024-12-24,98663.58,-0.0704,0.4892,72963.8552,1.0,1.0
2024-12-25,99429.6,-0.0632,0.4842,73171.72,1.0,1.0
2024-12-26,95791.6,-0.0974,0.4946,73365.0994,1.0,1.0
2024-12-27,94299.03,-0.1115,0.4978,73552.5063,1.0,1.0
2024-12-28,95300.0,-0.1021,0.4966,73756.9863,1.0,1.0
2024-12-29,93738.2,-0.1168,0.4746,73946.2141,1.0,1.0
2024-12-30,92792.05,-0.1257,0.4754,74154.8389,1.0,1.0
2024-12-31,93576.0,-0.1183,0.4275,74374.0257,1.0,1.0
2025-01-01,94591.79,-0.1087,0.4306,74616.8976,1.0,1.0
2025-01-02,96984.79,-0.0862,0.4412,74903.3375,1.0,1.0
2025-01-03,98174.18,-0.075,0.4454,75184.3519,1.0,1.0
2025-01-04,98220.5,-0.0746,0.423,75471.5942,1.0,1.0
2025-01-05,98363.61,-0.0732,0.4157,75716.1117,1.0,1.0
2025-01-06,102235.6,-0.0367,0.4533,75992.0957,1.0,1.0
2025-01-07,96954.61,-0.0865,0.4431,76232.3031,1.0,1.0
2025-01-08,95060.61,-0.1043,0.4353,76474.6232,1.0,1.0
2025-01-09,92552.49,-0.128,0.448,76695.9955,1.0,1.0
2025-01-10,94726.11,-0.1075,0.4612,76923.5886,1.0,1.0
2025-01-11,94599.99,-0.1087,0.4519,77163.0326,1.0,1.0
2025-01-12,94545.06,-0.1092,0.4517,77409.7259,1.0,1.0
2025-01-13,94536.1,-0.1093,0.4159,77647.4693,1.0,1.0
2025-01-14,96560.86,-0.0902,0.4259,77894.5951,1.0,1.0
2025-01-15,100497.35,-0.0531,0.4289,78175.0617,1.0,1.0
2025-01-16,99987.3,-0.0579,0.4227,78445.3871,1.0,1.0
2025-01-17,104077.48,-0.0194,0.4508,78745.8116,1.0,1.0
2025-01-18,104556.23,-0.0149,0.4409,79035.1463,1.0,1.0
2025-01-19,101331.57,-0.0452,0.464,79308.1845,1.0,1.0
2025-01-20,102260.01,-0.0365,0.4641,79563.0029,1.0,1.0
2025-01-21,106143.82,0.0,0.4844,79842.915,1.0,1.0
2025-01-22,103706.66,-0.023,0.4914,80106.1594,1.0,1.0
2025-01-23,103910.34,-0.021,0.4898,80380.0017,1.0,1.0
2025-01-24,104870.5,-0.012,0.4904,80683.0383,1.0,1.0
2025-01-25,104746.85,-0.0132,0.4907,80987.7847,1.0,1.0
2025-01-26,102620.0,-0.0332,0.4733,81276.1913,1.0,1.0
2025-01-27,102082.83,-0.0383,0.4099,81562.5835,1.0,1.0
2025-01-28,101335.52,-0.0453,0.4002,81844.9937,1.0,1.0
2025-01-29,103733.24,-0.0227,0.3852,82154.5363,1.0,1.0
2025-01-30,104722.94,-0.0134,0.3776,82458.475,1.0,1.0
2025-01-31,102429.56,-0.035,0.3944,82758.0872,1.0,1.0
2025-02-01,100635.65,-0.0519,0.4048,83042.5189,1.0,1.0
2025-02-02,97700.59,-0.0795,0.4283,83319.3228,1.0,1.0
2025-02-03,101328.52,-0.0454,0.4462,83635.0931,1.0,1.0
2025-02-04,97763.13,-0.079,0.4411,83925.7749,1.0,1.0
2025-02-05,96612.43,-0.0898,0.4432,84204.0581,1.0,1.0
2025-02-06,96554.35,-0.0903,0.4016,84467.4738,1.0,1.0
2025-02-07,96506.8,-0.0908,0.4001,84726.6125,1.0,1.0
2025-02-08,96444.74,-0.0914,0.3809,84987.3241,1.0,1.0
2025-02-09,96462.75,-0.0912,0.3776,85242.8603,1.0,1.0
2025-02-10,97430.82,-0.0821,0.3376,85489.0791,1.0,1.0
2025-02-11,95778.2,-0.0977,0.332,85727.6469,1.0,1.0
2025-02-12,97869.99,-0.0779,0.3489,85985.9002,1.0,1.0
2025-02-13,96608.14,-0.0898,0.3469,86241.8612,1.0,1.0
2025-02-14,97500.48,-0.0814,0.3514,86489.7711,1.0,1.0
2025-02-15,97569.66,-0.0808,0.3433,86728.5023,1.0,1.0
2025-02-16,96118.12,-0.0945,0.3473,86949.6365,1.0,1.0
2025-02-17,95780.0,-0.0976,0.3468,87166.8295,1.0,1.0
2025-02-18,95671.74,-0.0987,0.3264,87382.3147,1.0,1.0
2025-02-19,96644.37,-0.0895,0.3269,87602.7521,1.0,1.0
2025-02-20,98305.0,-0.0739,0.328,87835.8521,1.0,1.0
2025-02-21,96181.98,-0.0939,0.3323,88048.6473,1.0,1.0
2025-02-22,96551.01,-0.0904,0.3094,88271.3073,1.0,1.0
2025-02-23,96258.0,-0.0931,0.2607,88478.5341,1.0,1.0
2025-02-24,91552.88,-0.1375,0.2999,88650.4203,1.0,1.0
2025-02-25,88680.4,-0.1645,0.3223,88802.5696,1.0,1.0
2025-02-26,84250.09,-0.2063,0.3788,88926.8901,0.0,0.2
2025-02-27,84708.58,-0.2019,0.3815,89069.4301,0.0,0.2
2025-02-28,84349.94,-0.2053,0.3808,89226.3911,0.0,0.2
2025-03-01,86064.53,-0.1892,0.3969,89395.8261,0.0,0.1
2025-03-02,94270.0,-0.1119,0.5713,89619.2747,1.0,1.0
2025-03-03,86220.61,-0.1877,0.6813,89780.1721,1.0,0.1
2025-03-04,87281.98,-0.1777,0.6754,89948.332,1.0,0.1
2025-03-05,90606.01,-0.1464,0.6989,90133.5727,1.0,0.1
2025-03-06,89931.89,-0.1527,0.6968,90318.2919,1.0,0.1
2025-03-07,86801.75,-0.1822,0.7091,90482.567,1.0,0.1
2025-03-08,86222.45,-0.1877,0.7079,90653.1432,1.0,0.1
2025-03-09,80734.37,-0.2394,0.7532,90789.1964,0.0,0.2
2025-03-10,78595.86,-0.2595,0.7563,90896.2355,0.0,0.2
2025-03-11,82932.99,-0.2187,0.8001,91027.7473,0.0,0.2
2025-03-12,83680.12,-0.2116,0.796,91166.4813,0.0,0.2
2025-03-13,81115.78,-0.2358,0.8001,91266.6932,0.0,0.2
2025-03-14,83983.2,-0.2088,0.8199,91379.4203,0.0,0.2
2025-03-15,84338.44,-0.2054,0.8211,91490.8765,0.0,0.2
2025-03-16,82574.53,-0.2221,0.8007,91591.8948,0.0,0.2
2025-03-17,84010.03,-0.2085,0.7967,91695.775,0.0,0.2
2025-03-18,82715.03,-0.2207,0.769,91791.3552,0.0,0.2
2025-03-19,86845.94,-0.1818,0.7976,91910.1149,0.0,0.1
2025-03-20,84223.39,-0.2065,0.809,92022.4208,0.0,0.2
2025-03-21,84088.79,-0.2078,0.8039,92133.5061,0.0,0.2
2025-03-22,83840.59,-0.2101,0.6888,92247.9857,0.0,0.2
2025-03-23,86082.5,-0.189,0.5899,92367.2138,0.0,0.1
2025-03-24,87498.16,-0.1757,0.5918,92505.8793,0.0,0.1
2025-03-25,87392.87,-0.1767,0.5676,92641.2134,0.0,0.1
2025-03-26,86909.17,-0.1812,0.5673,92767.1299,0.0,0.1
2025-03-27,87232.01,-0.1782,0.5469,92882.2619,0.0,0.1
2025-03-28,84424.38,-0.2046,0.5642,92960.1816,0.0,0.2
2025-03-29,82648.54,-0.2214,0.4938,93028.8736,0.0,0.2
2025-03-30,82389.99,-0.2238,0.4781,93109.5268,0.0,0.2
2025-03-31,82550.01,-0.2223,0.4188,93196.5535,0.0,0.2
2025-04-01,85158.34,-0.1977,0.4383,93301.7775,0.0,0.1
2025-04-02,82516.29,-0.2226,0.4389,93393.3795,0.0,0.2
2025-04-03,83213.09,-0.216,0.4135,93495.8,0.0,0.2
2025-04-04,83889.87,-0.2097,0.4147,93592.5857,0.0,0.2
2025-04-05,83537.99,-0.213,0.4045,93645.6924,0.0,0.2
2025-04-06,78430.0,-0.2611,0.4796,93662.8398,0.0,0.2
2025-04-07,79163.24,-0.2542,0.4793,93680.5295,0.0,0.2
2025-04-08,76322.42,-0.281,0.4422,93678.1626,0.0,0.2
2025-04-09,82615.22,-0.2217,0.5601,93693.1307,0.0,0.2
2025-04-10,79607.3,-0.25,0.581,93632.8594,0.0,0.2
2025-04-11,83423.84,-0.214,0.6184,93602.6716,0.0,0.2
2025-04-12,85276.9,-0.1966,0.615,93568.6829,0.0,0.1
2025-04-13,83760.0,-0.2109,0.6145,93544.9123,0.0,0.2
2025-04-14,84591.58,-0.203,0.6166,93501.9757,0.0,0.2
2025-04-15,83643.99,-0.212,0.6178,93455.6895,0.0,0.2
2025-04-16,84030.38,-0.2083,0.618,93416.8521,0.0,0.2
2025-04-17,84947.91,-0.1997,0.6041,93380.0777,0.0,0.1
2025-04-18,84474.69,-0.2041,0.597,93327.837,0.0,0.2
2025-04-19,85077.01,-0.1985,0.5972,93266.44,0.0,0.1
2025-04-20,85179.24,-0.1975,0.5972,93178.8541,0.0,0.1
2025-04-21,87516.23,-0.1755,0.5936,93103.0157,0.0,0.1
2025-04-22,93442.99,-0.1197,0.6338,93074.8196,0.0,0.1
2025-04-23,93691.08,-0.1173,0.6338,93046.7599,0.0,0.1
2025-04-24,93980.47,-0.1146,0.6339,93053.2296,0.0,0.1
2025-04-25,94638.68,-0.1084,0.6323,93071.0531,0.0,0.1
2025-04-26,94628.0,-0.1085,0.5518,93062.819,0.0,0.1
2025-04-27,93749.3,-0.1168,0.5575,93050.1878,0.0,0.1
2025-04-28,95011.18,-0.1049,0.5196,93033.8623,0.0,0.1
2025-04-29,94256.82,-0.112,0.4243,93019.5212,0.0,0.1
2025-04-30,94172.0,-0.1128,0.3784,92999.4333,0.0,0.1
2025-05-01,96489.91,-0.091,0.3453,93003.7619,0.0,1.0
2025-05-02,96887.14,-0.0872,0.3391,93010.6783,0.0,1.0
2025-05-03,95856.42,-0.0969,0.3304,92992.4723,0.0,1.0
2025-05-04,94277.62,-0.1118,0.3446,92974.6855,0.0,1.0
2025-05-05,94733.68,-0.1075,0.3364,92941.3045,0.0,1.0
2025-05-06,96834.02,-0.0877,0.3429,92921.318,0.0,1.0
2025-05-07,97030.5,-0.0859,0.3431,92894.1241,0.0,1.0
2025-05-08,103261.6,-0.0272,0.412,92934.0249,1.0,1.0
2025-05-09,102971.99,-0.0299,0.4156,92976.5515,1.0,1.0
2025-05-10,104809.53,-0.0126,0.4152,93001.1151,1.0,1.0
2025-05-11,104118.0,-0.0191,0.4141,93028.5398,1.0,1.0
2025-05-12,102791.32,-0.0316,0.3352,93037.6536,1.0,1.0
2025-05-13,104103.72,-0.0192,0.3368,93055.5451,1.0,1.0
2025-05-14,103507.82,-0.0248,0.34,93049.1706,1.0,1.0
2025-05-15,103763.71,-0.0224,0.34,93033.8709,1.0,1.0
2025-05-16,103463.9,-0.0252,0.3409,93016.072,1.0,1.0
2025-05-17,103126.65,-0.0284,0.3372,93035.5563,1.0,1.0
2025-05-18,106454.26,0.0,0.3549,93095.5056,1.0,1.0
2025-05-19,105573.74,-0.0083,0.3551,93147.2943,1.0,1.0
2025-05-20,106849.99,0.0,0.3548,93211.0143,1.0,1.0
2025-05-21,109643.99,0.0,0.3563,93307.3991,1.0,1.0
2025-05-22,111696.21,0.0,0.3599,93419.4973,1.0,1.0
2025-05-23,107318.3,-0.0392,0.4064,93477.1955,1.0,1.0
2025-05-24,107761.91,-0.0352,0.3941,93532.7442,1.0,1.0
2025-05-25,109004.19,-0.0241,0.3945,93620.8281,1.0,1.0
2025-05-26,109434.79,-0.0202,0.3889,93721.7332,1.0,1.0
2025-05-27,108938.17,-0.0247,0.3912,93812.6543,1.0,1.0
2025-05-28,107781.78,-0.035,0.3032,93906.2782,1.0,1.0
2025-05-29,105589.75,-0.0547,0.3179,93991.5962,1.0,1.0
2025-05-30,103985.48,-0.069,0.3164,94060.9927,1.0,1.0
2025-05-31,104591.88,-0.0636,0.3161,94127.66,1.0,1.0
2025-06-01,105642.93,-0.0542,0.313,94185.3809,1.0,1.0
2025-06-02,105857.99,-0.0523,0.3089,94236.6063,1.0,1.0
2025-06-03,105376.89,-0.0566,0.3085,94284.3156,1.0,1.0
2025-06-04,104696.86,-0.0627,0.31,94326.5373,1.0,1.0
2025-06-05,101508.68,-0.0912,0.3377,94321.6911,1.0,1.0
2025-06-06,104288.44,-0.0663,0.3579,94370.5833,1.0,1.0
2025-06-07,105552.15,-0.055,0.334,94440.5269,1.0,1.0
2025-06-08,105734.0,-0.0534,0.3322,94528.4037,1.0,1.0
2025-06-09,110263.02,-0.0128,0.3747,94631.9831,1.0,1.0
2025-06-10,110274.39,-0.0127,0.3585,94736.4791,1.0,1.0
2025-06-11,108645.12,-0.0273,0.3542,94830.4795,1.0,1.0
2025-06-12,105671.73,-0.0539,0.3317,94904.717,1.0,1.0
2025-06-13,106066.59,-0.0504,0.3316,94968.0885,1.0,1.0
2025-06-14,105414.64,-0.0562,0.3276,95000.8705,1.0,1.0
2025-06-15,105594.01,-0.0546,0.327,95038.2485,1.0,1.0
2025-06-16,106794.53,-0.0439,0.3315,95056.3622,1.0,1.0
2025-06-17,104551.17,-0.064,0.3403,95056.3285,1.0,1.0
2025-06-18,104886.78,-0.061,0.3298,95080.0299,1.0,1.0
2025-06-19,104658.59,-0.063,0.323,95096.0204,1.0,1.0
2025-06-20,103297.99,-0.0752,0.3269,95077.0482,1.0,1.0
2025-06-21,102120.01,-0.0857,0.3264,95066.4705,1.0,1.0
2025-06-22,100963.87,-0.0961,0.3285,95046.8274,1.0,1.0
2025-06-23,105333.93,-0.057,0.3797,95049.9169,1.0,1.0
2025-06-24,106083.0,-0.0503,0.3796,95058.8246,1.0,1.0
2025-06-25,107340.58,-0.039,0.3544,95090.2951,1.0,1.0
2025-06-26,106947.06,-0.0425,0.338,95122.7233,1.0,1.0
2025-06-27,107047.59,-0.0416,0.3345,95160.8038,1.0,1.0
2025-06-28,107296.79,-0.0394,0.3345,95184.5608,1.0,1.0
2025-06-29,108356.93,-0.0299,0.2826,95208.7874,1.0,1.0
2025-06-30,107146.5,-0.0407,0.286,95240.2337,1.0,1.0
2025-07-01,105681.14,-0.0539,0.285,95273.8703,1.0,1.0
2025-07-02,108849.6,-0.0255,0.2883,95348.197,1.0,1.0
2025-07-03,109584.78,-0.0189,0.289,95403.2387,1.0,1.0
2025-07-04,107984.24,-0.0332,0.2957,95471.3795,1.0,1.0
2025-07-05,108198.12,-0.0313,0.2957,95548.6174,1.0,1.0
2025-07-06,109203.84,-0.0223,0.2945,95632.9473,1.0,1.0
2025-07-07,108262.94,-0.0307,0.2807,95711.3216,1.0,1.0
2025-07-08,108922.98,-0.0248,0.2813,95794.5099,1.0,1.0
2025-07-09,111233.99,-0.0041,0.2921,95892.9848,1.0,1.0
2025-07-10,116010.0,0.0,0.3265,96016.846,1.0,1.0
2025-07-11,117527.66,0.0,0.3182,96161.8424,1.0,1.0
2025-07-12,117420.0,-0.0009,0.3096,96292.1758,1.0,1.0
2025-07-13,119086.64,0.0,0.2695,96442.0325,1.0,1.0
2025-07-14,119841.18,0.0,0.2695,96590.9705,1.0,1.0
2025-07-15,117758.09,-0.0174,0.2862,96725.56,1.0,1.0
2025-07-16,118630.43,-0.0101,0.2839,96875.6421,1.0,1.0
2025-07-17,119177.56,-0.0055,0.2833,97031.6258,1.0,1.0
2025-07-18,117924.84,-0.016,0.2912,97179.9798,1.0,1.0
2025-07-19,117840.0,-0.0167,0.2911,97321.284,1.0,1.0
2025-07-20,117265.12,-0.0215,0.2859,97447.6848,1.0,1.0
2025-07-21,117380.36,-0.0205,0.2745,97589.0073,1.0,1.0
2025-07-22,119954.42,0.0,0.2629,97745.0301,1.0,1.0
2025-07-23,118755.99,-0.01,0.2703,97895.0167,1.0,1.0
2025-07-24,118340.99,-0.0135,0.2594,98073.6041,1.0,1.0
2025-07-25,117614.31,-0.0195,0.2633,98266.4968,1.0,1.0
2025-07-26,117919.99,-0.017,0.2623,98490.9628,1.0,1.0
2025-07-27,119415.55,-0.0045,0.2586,98722.3426,1.0,1.0
2025-07-28,118062.32,-0.0158,0.2677,98947.0918,1.0,1.0
2025-07-29,117950.76,-0.0167,0.2571,99159.6667,1.0,1.0
2025-07-30,117840.3,-0.0176,0.1878,99316.802,1.0,1.0
2025-07-31,115764.08,-0.0349,0.1952,99513.7585,1.0,1.0
2025-08-01,113297.93,-0.0555,0.2144,99687.1981,1.0,1.0
2025-08-02,112546.35,-0.0618,0.2029,99833.4671,1.0,1.0
2025-08-03,114208.8,-0.0479,0.213,99995.3131,1.0,1.0
2025-08-04,115055.03,-0.0408,0.2055,100183.6683,1.0,1.0
2025-08-05,114129.75,-0.0486,0.2037,100369.717,1.0,1.0
2025-08-06,114992.27,-0.0414,0.2059,100598.103,1.0,1.0
2025-08-07,117472.01,-0.0207,0.2241,100857.2773,1.0,1.0
2025-08-08,116674.74,-0.0273,0.2259,101082.2223,1.0,1.0
2025-08-09,116462.25,-0.0291,0.2251,101300.7699,1.0,1.0
2025-08-10,119294.01,-0.0055,0.2481,101555.2914,1.0,1.0
2025-08-11,118686.0,-0.0106,0.2305,101786.6434,1.0,1.0
2025-08-12,120134.08,0.0,0.2324,102025.281,1.0,1.0
2025-08-13,123306.43,0.0,0.2556,102296.827,1.0,1.0
2025-08-14,118295.09,-0.0406,0.3151,102525.3941,1.0,1.0
2025-08-15,117342.05,-0.0484,0.3169,102756.2409,1.0,1.0
2025-08-16,117380.66,-0.0481,0.3116,102959.8057,1.0,1.0
2025-08-17,117405.01,-0.0479,0.308,103181.0165,1.0,1.0
2025-08-18,116227.05,-0.0574,0.3108,103395.2715,1.0,1.0
2025-08-19,112872.94,-0.0846,0.3339,103588.8205,1.0,1.0
2025-08-20,114271.24,-0.0733,0.3316,103776.7455,1.0,1.0
2025-08-21,112500.0,-0.0876,0.3253,103943.4244,1.0,1.0
2025-08-22,116935.99,-0.0517,0.3638,104140.3785,1.0,1.0
2025-08-23,115438.05,-0.0638,0.3643,104330.5711,1.0,1.0
2025-08-24,113493.59,-0.0796,0.3703,104505.6483,1.0,1.0
2025-08-25,110111.98,-0.107,0.3904,104676.8989,1.0,1.0
2025-08-26,111763.22,-0.0936,0.395,104870.9968,1.0,1.0
2025-08-27,111262.01,-0.0977,0.3816,105063.4769,1.0,1.0
2025-08-28,112566.9,-0.0871,0.3859,105263.5895,1.0,1.0
2025-08-29,108377.4,-0.1211,0.4157,105418.3833,1.0,1.0
2025-08-30,108816.33,-0.1175,0.3986,105593.7169,1.0,1.0
2025-08-31,108246.35,-0.1221,0.3986,105760.6053,1.0,1.0
2025-09-01,109237.42,-0.1141,0.3964,105929.5889,1.0,1.0
2025-09-02,111240.01,-0.0979,0.3859,106114.2691,1.0,1.0
2025-09-03,111705.71,-0.0941,0.351,106336.1071,1.0,1.0
2025-09-04,110730.87,-0.102,0.3512,106546.558,1.0,1.0
2025-09-05,110659.99,-0.1026,0.351,106775.4751,1.0,1.0
2025-09-06,110187.97,-0.1064,0.3508,106959.2935,1.0,1.0
2025-09-07,111137.34,-0.0987,0.3528,107169.4937,1.0,1.0
2025-09-08,112065.23,-0.0912,0.3334,107360.4363,1.0,1.0
2025-09-09,111546.39,-0.0954,0.3289,107535.5663,1.0,1.0
2025-09-10,113960.0,-0.0758,0.3357,107736.8996,1.0,1.0
2025-09-11,115482.69,-0.0634,0.2955,107942.8403,1.0,1.0
2025-09-12,116029.42,-0.059,0.291,108158.7432,1.0,1.0
2025-09-13,115918.29,-0.0599,0.2807,108371.3293,1.0,1.0
2025-09-14,115268.01,-0.0652,0.2454,108573.4633,1.0,1.0
2025-09-15,115349.71,-0.0645,0.2388,108779.2967,1.0,1.0
2025-09-16,116788.96,-0.0529,0.2415,108990.7097,1.0,1.0
2025-09-17,116447.59,-0.0556,0.2388,109199.1654,1.0,1.0
2025-09-18,117073.53,-0.0505,0.1591,109396.2141,1.0,1.0
2025-09-19,115632.38,-0.0622,0.1735,109544.1433,1.0,1.0
2025-09-20,115685.63,-0.0618,0.17,109690.7737,1.0,1.0
2025-09-21,115232.29,-0.0655,0.1706,109832.4525,1.0,1.0
2025-09-22,112650.99,-0.0864,0.1876,109952.5345,1.0,1.0
2025-09-23,111998.8,-0.0917,0.1888,110068.3399,1.0,1.0
2025-09-24,113307.0,-0.0811,0.1905,110198.7245,1.0,1.0
2025-09-25,108994.49,-0.1161,0.2559,110291.9466,1.0,1.0
2025-09-26,109643.46,-0.1108,0.2569,110394.5242,1.0,1.0
2025-09-27,109635.85,-0.1109,0.2538,110497.6165,1.0,1.0
2025-09-28,112163.95,-0.0904,0.2707,110602.1101,1.0,1.0
2025-09-29,114311.96,-0.0729,0.2814,110718.2756,1.0,1.0
2025-09-30,114048.93,-0.0751,0.2666,110839.559,1.0,1.0
2025-10-01,118594.99,-0.0382,0.3104,111001.6748,1.0,1.0
2025-10-02,120529.35,-0.0225,0.3166,111173.6459,1.0,1.0
2025-10-03,122232.0,-0.0087,0.3205,111342.9658,1.0,1.0
2025-10-04,122391.0,-0.0074,0.3184,111512.0358,1.0,1.0
2025-10-05,123482.31,0.0,0.3192,111646.8405,1.0,1.0
2025-10-06,124658.54,0.0,0.3178,111791.4175,1.0,1.0
2025-10-07,121332.95,-0.0267,0.3426,111901.5737,1.0,1.0
2025-10-08,123306.0,-0.0108,0.3476,112029.4937,1.0,1.0
2025-10-09,121662.4,-0.024,0.3485,112155.3009,1.0,1.0
2025-10-10,112774.5,-0.0953,0.4836,112213.1061,1.0,1.0
2025-10-11,110644.4,-0.1124,0.4895,112260.6833,1.0,1.0
2025-10-12,114958.8,-0.0778,0.5089,112335.3172,1.0,1.0
2025-10-13,115166.0,-0.0761,0.508,112413.3312,1.0,1.0
2025-10-14,113028.14,-0.0933,0.5128,112479.3411,1.0,1.0
2025-10-15,110763.28,-0.1115,0.4916,112508.0679,1.0,1.0
2025-10-16,108194.28,-0.1321,0.5017,112525.5382,1.0,0.1
2025-10-17,106431.68,-0.1462,0.5061,112522.7495,0.0,0.1
2025-10-18,107185.01,-0.1402,0.496,112506.3563,0.0,0.1
2025-10-19,108642.78,-0.1285,0.492,112486.0001,0.0,0.1
2025-10-20,110532.09,-0.1133,0.4992,112507.4253,0.0,0.1
2025-10-21,108297.67,-0.1312,0.47,112510.9971,0.0,0.1
2025-10-22,107567.44,-0.1371,0.4607,112501.4187,0.0,0.1
2025-10-23,110078.18,-0.117,0.4697,112505.708,0.0,0.1
2025-10-24,111004.89,-0.1095,0.4726,112519.4861,0.0,0.1
2025-10-25,111646.27,-0.1044,0.471,112545.2494,0.0,0.1
2025-10-26,114559.4,-0.081,0.4855,112605.0471,0.0,0.0
2025-10-27,114107.65,-0.0846,0.4746,112672.5282,0.0,0.0
2025-10-28,112898.45,-0.0943,0.4675,112727.9053,0.0,0.0
2025-10-29,110021.29,-0.1174,0.4751,112757.0944,0.0,0.1
2025-10-30,108322.88,-0.131,0.3577,112773.527,0.0,0.1
2025-10-31,109608.01,-0.1207,0.3537,112801.7345,0.0,0.1
2025-11-01,110098.1,-0.1168,0.3093,112837.7427,0.0,0.1
2025-11-02,110540.68,-0.1133,0.31,112897.9561,0.0,0.1
2025-11-03,106583.04,-0.145,0.3364,112913.2534,0.0,0.1
2025-11-04,101497.22,-0.1858,0.3837,112886.2205,0.0,0.1
2025-11-05,103885.16,-0.1666,0.3908,112873.8949,0.0,0.1
2025-11-06,101346.04,-0.187,0.3983,112814.4484,0.0,0.1
2025-11-07,103339.08,-0.171,0.4074,112768.213,0.0,0.1
2025-11-08,102312.94,-0.1793,0.4027,112725.9985,0.0,0.1
2025-11-09,104722.96,-0.1599,0.4094,112719.6733,0.0,0.1
2025-11-10,106011.13,-0.1496,0.4059,112719.3036,0.0,0.1
2025-11-11,103058.99,-0.1733,0.4218,112703.5993,0.0,0.1
2025-11-12,101654.37,-0.1845,0.4086,112677.335,0.0,0.1
2025-11-13,99692.02,-0.2003,0.4098,112629.9849,0.0,0.2
2025-11-14,94594.0,-0.2412,0.4527,112563.6038,0.0,0.2
2025-11-15,95596.24,-0.2331,0.435,112501.6669,0.0,0.2
2025-11-16,94261.44,-0.2438,0.4349,112432.3525,0.0,0.2
2025-11-17,92215.14,-0.2603,0.4381,112358.4669,0.0,0.2
2025-11-18,92960.83,-0.2543,0.4387,112297.4057,0.0,0.2
2025-11-19,91554.96,-0.2656,0.4386,112234.6796,0.0,0.2
2025-11-20,86637.23,-0.305,0.4715,112110.0349,0.0,0.3
2025-11-21,85129.43,-0.3171,0.4663,111970.3445,0.0,0.3
2025-11-22,84739.74,-0.3202,0.4617,111819.6722,0.0,0.3
2025-11-23,86830.0,-0.3035,0.476,111685.5585,0.0,0.3
2025-11-24,88300.01,-0.2917,0.4558,111560.5746,0.0,0.2
2025-11-25,87369.96,-0.2991,0.4352,111427.7291,0.0,0.2
2025-11-26,90484.02,-0.2741,0.4665,111308.5763,0.0,0.2
2025-11-27,91333.95,-0.2673,0.4579,111203.1593,0.0,0.2
2025-11-28,90890.7,-0.2709,0.4576,111104.5564,0.0,0.2
2025-11-29,90802.44,-0.2716,0.4393,110984.242,0.0,0.2
2025-11-30,90360.0,-0.2751,0.4308,110856.0768,0.0,0.2
2025-12-01,86286.01,-0.3078,0.4532,110711.4219,0.0,0.3
2025-12-02,91277.88,-0.2678,0.5307,110598.6203,0.0,0.2
2025-12-03,93429.95,-0.2505,0.5403,110493.4611,0.0,0.2
2025-12-04,92078.06,-0.2614,0.4964,110385.5619,0.0,0.2
2025-12-05,89330.04,-0.2834,0.5081,110254.9423,0.0,0.2
2025-12-06,89236.79,-0.2842,0.5059,110108.2943,0.0,0.2
2025-12-07,90395.31,-0.2749,0.5024,109937.5297,0.0,0.2
2025-12-08,90634.34,-0.2729,0.501,109758.2409,0.0,0.2
2025-12-09,92678.8,-0.2565,0.5066,109593.2995,0.0,0.2
2025-12-10,92015.37,-0.2619,0.4424,109412.8244,0.0,0.2
2025-12-11,92513.38,-0.2579,0.4326,109230.6391,0.0,0.2
2025-12-12,90268.42,-0.2759,0.4485,109047.3746,0.0,0.2
2025-12-13,90240.01,-0.2761,0.4384,108858.1051,0.0,0.2
2025-12-14,88172.17,-0.2927,0.4455,108651.4025,0.0,0.2
2025-12-15,86432.08,-0.3066,0.4515,108441.4508,0.0,0.3
2025-12-16,87863.42,-0.2952,0.4299,108241.6069,0.0,0.2
2025-12-17,86243.22,-0.3082,0.4329,108034.7943,0.0,0.3
2025-12-18,85516.41,-0.314,0.4335,107822.3679,0.0,0.3
2025-12-19,88136.94,-0.293,0.4562,107610.2514,0.0,0.2
2025-12-20,88360.9,-0.2912,0.4563,107407.6175,0.0,0.2
2025-12-21,88658.86,-0.2888,0.409,107209.7366,0.0,0.2
2025-12-22,88620.79,-0.2891,0.3262,107016.4465,0.0,0.2
2025-12-23,87486.0,-0.2982,0.3096,106813.5532,0.0,0.2
2025-12-24,87669.45,-0.2967,0.3061,106601.9125,0.0,0.2
2025-12-25,87225.27,-0.3003,0.2798,106396.3322,0.0,0.3
2025-12-26,87369.56,-0.2991,0.2801,106192.4575,0.0,0.2
2025-12-27,87877.01,-0.2951,0.2749,105992.7023,0.0,0.2
2025-12-28,87952.71,-0.2945,0.2745,105807.2931,0.0,0.2
2025-12-29,87237.13,-0.3002,0.2538,105633.5545,0.0,0.3
2025-12-30,88485.49,-0.2902,0.2633,105473.1487,0.0,0.2
2025-12-31,87648.22,-0.2969,0.263,105296.0782,0.0,0.2
2026-01-01,88839.04,-0.2873,0.2523,105121.3049,0.0,0.2
2026-01-02,89995.13,-0.2781,0.259,104960.4075,0.0,0.2
2026-01-03,90628.01,-0.273,0.2387,104797.9791,0.0,0.2
2026-01-04,91529.73,-0.2658,0.221,104625.0305,0.0,0.2
2026-01-05,93859.71,-0.2471,0.234,104472.9303,0.0,0.2
2026-01-06,93747.97,-0.248,0.2136,104321.5018,0.0,0.2
2026-01-07,91364.16,-0.2671,0.2439,104135.3028,0.0,0.2
2026-01-08,91099.99,-0.2692,0.2128,103951.3961,0.0,0.2
2026-01-09,90641.28,-0.2729,0.2146,103754.7774,0.0,0.2
2026-01-10,90504.7,-0.274,0.2147,103536.0992,0.0,0.2
2026-01-11,91013.65,-0.2699,0.2155,103354.2229,0.0,0.2
2026-01-12,91296.2,-0.2676,0.2058,103180.5839,0.0,0.2
2026-01-13,95414.0,-0.2346,0.273,103034.1395,0.0,0.2
2026-01-14,96951.78,-0.2223,0.274,102897.7847,0.0,0.2
2026-01-15,95604.8,-0.2331,0.2859,102760.303,0.0,0.2
2026-01-16,95550.94,-0.2335,0.2867,102644.823,0.0,0.2
2026-01-17,95147.77,-0.2367,0.2886,102517.3332,0.0,0.2
2026-01-18,93673.14,-0.2486,0.2963,102391.8208,0.0,0.2
2026-01-19,92631.0,-0.2569,0.2986,102229.7875,0.0,0.2
2026-01-20,88427.66,-0.2906,0.3616,102049.7183,0.0,0.2
2026-01-21,89454.73,-0.2824,0.3604,101889.4592,0.0,0.2
2026-01-22,89559.67,-0.2816,0.356,101752.4438,0.0,0.2
2026-01-23,89600.26,-0.2812,0.3545,101604.6907,0.0,0.2
2026-01-24,89225.34,-0.2842,0.3516,101457.7796,0.0,0.2
2026-01-25,86670.36,-0.3047,0.3496,101285.136,0.0,0.3
2026-01-26,88347.08,-0.2913,0.3633,101151.6005,0.0,0.2
2026-01-27,89250.0,-0.284,0.3522,101021.1583,0.0,0.2
2026-01-28,89299.99,-0.2836,0.3522,100894.8493,0.0,0.2
2026-01-29,84650.16,-0.3209,0.4176,100730.9342,0.0,0.3
2026-01-30,84260.49,-0.3241,0.4175,100551.0707,0.0,0.3
2026-01-31,78741.09,-0.3683,0.4967,100331.3066,0.0,0.3
2026-02-01,76968.21,-0.3826,0.4986,100106.2222,0.0,0.3
2026-02-02,78738.61,-0.3684,0.4623,99893.413,0.0,0.3
2026-02-03,75770.21,-0.3922,0.4629,99663.9613,0.0,0.3
2026-02-04,73165.83,-0.4131,0.4729,99410.8179,0.0,0.4
2026-02-05,62909.86,-0.4953,0.7501,99083.1154,0.0,0.4
2026-02-06,70580.26,-0.4338,0.948,98810.0079,0.0,0.4
2026-02-07,69289.38,-0.4442,0.9481,98512.2037,0.0,0.4
2026-02-08,70330.38,-0.4358,0.9567,98211.1883,0.0,0.4
2026-02-09,70138.0,-0.4374,0.9462,97905.2455,0.0,0.4
2026-02-10,68841.29,-0.4478,0.9408,97591.3989,0.0,0.4
2026-02-11,67082.52,-0.4619,0.94,97270.1623,0.0,0.4
2026-02-12,66272.17,-0.4684,0.9377,96942.9787,0.0,0.4
2026-02-13,68853.96,-0.4477,0.9643,96623.412,0.0,0.4
2026-02-14,69822.95,-0.4399,0.968,96312.5811,0.0,0.4
2026-02-15,68832.58,-0.4478,0.9586,95990.9747,0.0,0.4
2026-02-16,68892.43,-0.4474,0.9552,95679.3751,0.0,0.4
2026-02-17,67503.52,-0.4585,0.9537,95358.161,0.0,0.4
2026-02-18,66461.0,-0.4669,0.9372,95033.0191,0.0,0.4
2026-02-19,67003.73,-0.4625,0.9407,94728.704,0.0,0.4
2026-02-20,68020.01,-0.4543,0.9116,94435.5121,0.0,0.4
2026-02-21,67975.93,-0.4547,0.9093,94133.3049,0.0,0.4
2026-02-22,67643.4,-0.4574,0.9,93857.631,0.0,0.4
2026-02-23,64656.02,-0.4813,0.9049,93557.7147,0.0,0.4
2026-02-24,64058.15,-0.4861,0.8967,93253.8634,0.0,0.4
2026-02-25,67988.04,-0.4546,0.6673,92959.3573,0.0,0.4
2026-02-26,67485.18,-0.4586,0.4426,92647.1788,0.0,0.4
2026-02-27,65872.1,-0.4716,0.4473,92325.9999,0.0,0.4
2026-02-28,66973.26,-0.4627,0.4486,91981.8551,0.0,0.4
2026-03-01,65776.47,-0.4723,0.4535,91616.8359,0.0,0.4
2026-03-02,68830.06,-0.4479,0.4925,91260.8229,0.0,0.4
2026-03-03,68338.0,-0.4518,0.4799,90900.4696,0.0,0.4
2026-03-04,72666.77,-0.4171,0.5405,90561.6993,0.0,0.4
2026-03-05,70890.72,-0.4313,0.5321,90203.2472,0.0,0.4
2026-03-06,68114.02,-0.4536,0.557,89848.4543,0.0,0.4
2026-03-07,67262.91,-0.4604,0.5563,89474.8337,0.0,0.4
2026-03-08,65971.2,-0.4708,0.5616,89103.5591,0.0,0.4
2026-03-09,68432.16,-0.451,0.5786,88807.9435,0.0,0.4
2026-03-10,69948.63,-0.4389,0.5806,88536.6383,0.0,0.4
2026-03-11,70191.86,-0.4369,0.5801,88238.1921,0.0,0.4
2026-03-12,70541.34,-0.4341,0.5774,87940.6943,0.0,0.4
2026-03-13,70930.0,-0.431,0.5775,87660.0401,0.0,0.4
2026-03-14,71211.95,-0.4287,0.5767,87396.3645,0.0,0.4
2026-03-15,72815.24,-0.4159,0.5402,87160.5043,0.0,0.4
2026-03-16,74884.67,-0.3993,0.5435,86950.1909,0.0,0.3
2026-03-17,73909.36,-0.4071,0.4973,86728.3532,0.0,0.4
2026-03-18,71246.54,-0.4285,0.5254,86479.0449,0.0,0.4
2026-03-19,69930.0,-0.439,0.5204,86208.3643,0.0,0.4
2026-03-20,70510.73,-0.4344,0.5175,85956.4514,0.0,0.4
2026-03-21,68918.12,-0.4471,0.5215,85698.7893,0.0,0.4
2026-03-22,67859.0,-0.4556,0.4888,85417.3281,0.0,0.4
2026-03-23,70906.45,-0.4312,0.5234,85150.0051,0.0,0.4
2026-03-24,70556.74,-0.434,0.4499,84876.0749,0.0,0.4
2026-03-25,71336.53,-0.4277,0.4402,84587.9225,0.0,0.4
2026-03-26,68820.31,-0.4479,0.4333,84286.0069,0.0,0.4
2026-03-27,66407.28,-0.4673,0.4573,83976.0657,0.0,0.4
2026-03-28,66377.03,-0.4675,0.4495,83685.104,0.0,0.4
2026-03-29,66010.93,-0.4705,0.4191,83403.0243,0.0,0.4
2026-03-30,66797.37,-0.4642,0.4103,83117.6201,0.0,0.4
2026-03-31,68284.48,-0.4522,0.4228,82838.8626,0.0,0.4
2026-04-01,68113.92,-0.4536,0.4218,82556.0175,0.0,0.4
2026-04-02,66901.99,-0.4633,0.426,82291.4772,0.0,0.4
2026-04-03,66964.3,-0.4628,0.4252,82061.2577,0.0,0.4
2026-04-04,67300.42,-0.4601,0.4116,81817.3595,0.0,0.4
2026-04-05,69034.18,-0.4462,0.4079,81601.9471,0.0,0.4
2026-04-06,68853.66,-0.4477,0.4059,81372.0443,0.0,0.4
2026-04-07,71924.22,-0.423,0.4245,81169.4528,0.0,0.4
2026-04-08,71069.93,-0.4299,0.4196,80945.0993,0.0,0.4
2026-04-09,71787.97,-0.4241,0.4203,80716.9449,0.0,0.4
2026-04-10,72962.7,-0.4147,0.4109,80516.3029,0.0,0.4
2026-04-11,73043.16,-0.4141,0.4028,80325.5615,0.0,0.4
2026-04-12,70740.98,-0.4325,0.3873,80132.5546,0.0,0.4
2026-04-13,74417.99,-0.403,0.4429,79998.0479,0.0,0.4
2026-04-14,74131.55,-0.4053,0.4421,79854.9499,0.0,0.4
2026-04-15,74809.99,-0.3999,0.4087,79725.2736,0.0,0.3
2026-04-16,75154.29,-0.3971,0.3673,79611.5346,0.0,0.3
2026-04-17,77072.0,-0.3817,0.3747,79505.6091,0.0,0.3
2026-04-18,75691.76,-0.3928,0.3867,79399.8544,0.0,0.3
2026-04-19,73801.79,-0.408,0.4093,79314.2848,0.0,0.4
2026-04-20,75840.97,-0.3916,0.4141,79252.3617,0.0,0.3
2026-04-21,76336.15,-0.3876,0.4126,79196.3378,0.0,0.3
2026-04-22,78178.23,-0.3729,0.4052,79138.6593,0.0,0.3
2026-04-23,78257.48,-0.3722,0.4051,79071.7091,0.0,0.3
2026-04-24,77437.13,-0.3788,0.4126,79005.4903,0.0,0.3
2026-04-25,77625.0,-0.3773,0.4045,78919.7635,0.0,0.3
2026-04-26,78657.55,-0.369,0.4037,78835.2541,0.0,0.3
2026-04-27,77371.32,-0.3793,0.3789,78745.1249,0.0,0.3
2026-04-28,76342.77,-0.3876,0.3801,78648.7271,0.0,0.3
2026-04-29,75780.0,-0.3921,0.3817,78551.5271,0.0,0.3
2026-04-30,76346.57,-0.3876,0.3775,78485.2642,0.0,0.3
2026-05-01,78231.13,-0.3724,0.3891,78398.2859,0.0,0.3
2026-05-02,78686.85,-0.3688,0.3549,78299.9985,0.0,0.3
2026-05-03,78568.57,-0.3697,0.2911,78209.9353,0.0,0.3
2026-05-04,79861.01,-0.3594,0.2951,78146.8084,0.0,0.3
2026-05-05,80905.52,-0.351,0.2969,78091.2666,0.0,1.0
2026-05-06,81447.01,-0.3466,0.2971,78031.6113,0.0,1.0
2026-05-07,80006.0,-0.3582,0.2951,77960.7557,0.0,1.0
2026-05-08,80193.17,-0.3567,0.2811,77877.5181,0.0,1.0
2026-05-09,80678.4,-0.3528,0.2511,77801.9383,0.0,1.0
2026-05-10,82210.07,-0.3405,0.2386,77733.2496,1.0,1.0
2026-05-11,81745.65,-0.3442,0.2418,77676.4311,1.0,1.0
2026-05-12,80504.47,-0.3542,0.2361,77611.5275,1.0,1.0
2026-05-13,79313.61,-0.3638,0.2462,77552.4705,1.0,1.0
2026-05-14,81089.99,-0.3495,0.257,77516.8565,1.0,1.0
2026-05-15,79113.21,-0.3654,0.2817,77458.5218,1.0,1.0
2026-05-16,78148.05,-0.3731,0.2814,77404.554,1.0,1.0
2026-05-17,77457.67,-0.3786,0.2748,77350.8291,1.0,1.0
2026-05-18,77001.87,-0.3823,0.2696,77276.5953,1.0,1.0
2026-05-19,76834.36,-0.3836,0.2676,77199.7517,1.0,1.0
2026-05-20,77552.23,-0.3779,0.2686,77125.7075,1.0,1.0
2026-05-21,77615.52,-0.3774,0.2468,77052.339,1.0,1.0
2026-05-22,75539.5,-0.394,0.2699,76972.6957,1.0,1.0
2026-05-23,76752.01,-0.3843,0.2806,76899.9127,1.0,1.0
2026-05-24,77064.96,-0.3818,0.2707,76832.1773,1.0,1.0
2026-05-25,77322.01,-0.3797,0.2636,76765.1937,1.0,1.0
2026-05-26,75930.01,-0.3909,0.2687,76685.547,1.0,1.0
2026-05-27,74449.3,-0.4028,0.2707,76595.5243,1.0,1.0
2026-05-28,73617.51,-0.4094,0.2712,76504.7268,1.0,0.4
2026-05-29,73460.78,-0.4107,0.2675,76404.5621,1.0,0.4
2026-05-30,73884.38,-0.4073,0.2507,76312.8031,1.0,0.4
2026-05-31,73674.39,-0.409,0.2509,76211.7055,1.0,0.4
2026-06-01,71408.9,-0.4272,0.2716,76087.7973,0.0,0.4
2026-06-02,66760.83,-0.4645,0.3766,75928.6827,0.0,0.4
2026-06-03,64142.75,-0.4855,0.3727,75746.1029,0.0,0.4
2026-06-04,63885.99,-0.4875,0.3693,75546.2781,0.0,0.4
2026-06-05,61056.47,-0.5102,0.3979,75328.3347,0.0,0.4
2026-06-06,60884.62,-0.5116,0.3997,75125.1378,0.0,0.4
2026-06-07,63332.01,-0.492,0.456,74940.0179,0.0,0.4
2026-06-08,63085.99,-0.4939,0.4555,74756.316,0.0,0.4
2026-06-09,61730.0,-0.5048,0.4497,74564.4847,0.0,0.4
2026-06-10,61510.99,-0.5066,0.4478,74367.8003,0.0,0.4
2026-06-11,63625.99,-0.4896,0.4817,74183.3322,0.0,0.4
2026-06-12,63580.01,-0.49,0.4705,73971.1056,0.0,0.4
2026-06-13,64458.01,-0.4829,0.4776,73754.4805,0.0,0.4
2026-06-14,65746.45,-0.4726,0.4907,73555.4248,0.0,0.4
2026-06-15,66328.74,-0.4679,0.4936,73360.6101,0.0,0.4
2026-06-16,65675.01,-0.4732,0.4904,73164.1251,0.0,0.4
2026-06-17,64509.4,-0.4825,0.4925,72969.7001,0.0,0.4
2026-06-18,62958.01,-0.495,0.4978,72771.8802,0.0,0.4
2026-06-19,63543.91,-0.4903,0.4998,72605.9885,0.0,0.4
2026-06-20,64298.01,-0.4842,0.5063,72438.2771,0.0,0.4
2026-06-21,63311.99,-0.4921,0.4961,72263.2925,0.0,0.4
2026-06-22,64020.01,-0.4864,0.4168,72092.7575,0.0,0.4
2026-06-23,62734.57,-0.4967,0.39,71916.1524,0.0,0.4
2026-06-24,61077.99,-0.51,0.405,71745.5366,0.0,0.4
2026-06-25,59794.0,-0.5203,0.3672,71555.1827,0.0,0.4
2026-06-26,60097.27,-0.5179,0.368,71360.8312,0.0,0.4
2026-06-27,60029.0,-0.5185,0.3209,71165.6913,0.0,0.4
2026-06-28,59577.01,-0.5221,0.3216,70998.5369,0.0,0.4
2026-06-29,60260.21,-0.5166,0.3153,70838.5351,0.0,0.4
2026-06-30,58624.71,-0.5297,0.3348,70704.4259,0.0,0.4
2026-07-01,60024.0,-0.5185,0.3159,70591.4645,0.0,0.4
2026-07-02,61560.0,-0.5062,0.3381,70476.9404,0.0,0.4
2026-07-03,62583.26,-0.498,0.3407,70389.0274,0.0,0.4
2026-07-04,63144.01,-0.4935,0.3307,70322.2153,0.0,0.4
2026-07-05,63650.0,-0.4894,0.3301,70327.1495,0.0,0.4
2026-07-06,64042.02,-0.4863,0.3299,70283.5613,0.0,0.4
2026-07-07,63363.99,-0.4917,0.3243,70244.0587,0.0,0.4
2026-07-08,62290.0,-0.5003,0.3156,70190.4561,0.0,0.4
2026-07-09,63230.0,-0.4928,0.3199,70144.4028,0.0,0.4
2026-07-10,64161.72,-0.4853,0.3222,70113.2057,0.0,0.4
2026-07-11,63819.0,-0.488,0.3158,70091.4489,0.0,0.4
2026-07-12,63780.0,-0.4884,0.3121,70074.8344,0.0,0.4
2026-07-13,62334.52,-0.5,0.3155,70031.3715,0.0,0.4
2026-07-14,65043.98,-0.4782,0.3418,69999.5117,0.0,0.4
2026-07-15,64756.28,-0.4805,0.3259,69972.3363,0.0,0.4
2026-07-16,63830.2,-0.488,0.3352,69938.5881,0.0,0.4
2026-07-17,63931.67,-0.4871,0.3347,69914.7758,0.0,0.4
2026-07-18,64834.22,-0.4799,0.3341,69903.9306,0.0,0.4
2026-07-19,64722.54,-0.4808,0.3334,69888.7227,0.0,0.4
2026-07-20,65255.51,-0.4765,0.303,69870.2927,0.0,0.4
2026-07-21,66556.16,-0.4661,0.299,69860.8275,0.0,0.4
2026-07-22,66114.49,-0.4696,0.2886,69850.6348,0.0,0.4
2026-07-23,65098.97,-0.4778,0.2934,69853.5878,0.0,0.4
2026-07-24,64139.99,-0.4855,0.3001,69854.1334,0.0,0.4
2026-07-25,64375.0,-0.4836,0.2987,69830.0465,0.0,0.4
2026-07-26,65399.99,-0.4754,0.3049,69816.1452,0.0,0.4
2026-07-27,63755.86,-0.4886,0.3219,69802.0369,0.0,0.4
2026-07-28,63915.0,-0.4873,0.3123,69781.6485,0.0,0.4
2026-07-29,63984.28,-0.4867,0.3062,69769.7006,0.0,0.4
2026-07-30,64780.02,-0.4803,0.3043,69742.7003,0.0,0.4
2026-07-31,62887.88,-0.4955,0.3299,69706.3662,0.0,0.4
2026-08-01,62823.64,-0.496,0.3299,69640.7453,0.0,0.4
2026-08-02,63570.0,-0.49,0.3182,69591.9405,0.0,0.4
2026-08-03,63520.0,-0.4904,0.2576,69561.3137,0.0,0.4
2026-08-04,64106.56,-0.4857,0.2608,69540.2714,0.0,0.4
2026-08-05,64665.23,-0.4813,0.2558,69531.5649,0.0,0.4
2026-08-06,64323.61,-0.484,0.257,69504.1746,0.0,0.4
2026-08-07,64923.19,-0.4792,0.2529,69470.6717,0.0,0.4
2026-08-08,64962.6,-0.4789,0.2528,69435.8099,0.0,0.4
2026-08-09,64901.59,-0.4794,0.2502,69398.2116,0.0,0.4
2026-08-10,63970.01,-0.4868,0.2401,69351.8117,0.0,0.4
2026-08-11,63600.0,-0.4898,0.2398,69301.0653,0.0,0.4
2026-08-12,63479.99,-0.4908,0.232,69238.8303,0.0,0.4
2026-08-13,63490.86,-0.4907,0.2238,69162.8716,0.0,0.4
2026-08-14,63043.56,-0.4943,0.2247,69090.4329,0.0,0.4
2026-08-15,63086.01,-0.4939,0.2118,69036.0294,0.0,0.4
2026-08-16,62900.0,-0.4954,0.1834,68989.1627,0.0,0.4
2026-08-17,64532.1,-0.4823,0.215,68949.3052,0.0,0.4
2026-08-18,64725.42,-0.4808,0.2152,68921.3539,0.0,0.4
2026-08-19,69334.79,-0.4438,0.3606,68931.1925,0.0,0.4
2026-08-20,73025.15,-0.4142,0.3844,68945.3171,1.0,1.0
2026-08-21,78338.03,-0.3716,0.466,68997.1924,1.0,1.0
2026-08-22,77074.93,-0.3817,0.4803,69035.4484,1.0,1.0
2026-08-23,77734.0,-0.3764,0.4781,69094.873,1.0,1.0
2026-08-24,78992.75,-0.3663,0.4787,69178.7761,1.0,1.0
2026-08-25,78539.14,-0.37,0.4837,69259.8569,1.0,1.0
2026-08-26,79023.75,-0.3661,0.4793,69346.609,1.0,1.0
2026-08-27,80249.58,-0.3562,0.4798,69436.2904,1.0,1.0
2026-08-28,77845.87,-0.3755,0.5096,69500.033,1.0,1.0
2026-08-29,78230.0,-0.3724,0.508,69567.4735,1.0,1.0
2026-08-30,77682.0,-0.3768,0.5022,69639.3403,1.0,1.0
2026-08-31,78581.29,-0.3696,0.4974,69716.7869,1.0,1.0
2026-09-01,77439.0,-0.3788,0.5064,69784.3774,1.0,1.0
2026-09-02,77340.01,-0.3796,0.507,69839.7496,1.0,1.0
2026-09-03,81270.37,-0.3481,0.528,69922.5277,1.0,1.0
2026-09-04,79660.77,-0.361,0.5442,69974.1047,1.0,1.0
2026-09-05,79831.75,-0.3596,0.542,70032.5168,1.0,1.0
2026-09-06,80341.83,-0.3555,0.5388,70089.5425,1.0,1.0
2026-09-07,79112.01,-0.3654,0.5497,70130.5379,1.0,1.0
2026-09-08,78455.8,-0.3706,0.4864,70166.6222,1.0,1.0
2026-09-09,78306.43,-0.3718,0.4416,70217.0585,1.0,1.0
2026-09-10,76568.72,-0.3858,0.3378,70231.3967,1.0,1.0
2026-09-11,77225.7,-0.3805,0.3331,70252.0244,1.0,1.0
2026-09-12,77278.73,-0.3801,0.331,70268.4827,1.0,1.0
2026-09-13,76842.01,-0.3836,0.3233,70279.7341,1.0,1.0
2026-09-14,78189.21,-0.3728,0.3322,70287.1822,1.0,1.0
2026-09-15,75644.48,-0.3932,0.359,70286.867,1.0,1.0
2026-09-16,76206.01,-0.3887,0.353,70302.8951,1.0,1.0
2026-09-17,76417.01,-0.387,0.3305,70306.7354,1.0,1.0
2026-09-18,80883.87,-0.3512,0.4124,70337.0535,1.0,1.0
2026-09-19,81249.99,-0.3482,0.4106,70357.5319,1.0,1.0
2026-09-20,81178.0,-0.3488,0.4087,70377.0021,1.0,1.0
2026-09-21,86620.0,-0.3051,0.4824,70438.2212,1.0,1.0
2026-09-22,86208.56,-0.3084,0.4836,70495.4449,1.0,1.0
2026-09-23,84397.6,-0.323,0.4531,70533.7119,1.0,1.0
2026-09-24,84410.24,-0.3229,0.4424,70580.6381,1.0,1.0
2026-09-25,84099.99,-0.3254,0.4433,70632.3529,1.0,1.0
2026-09-26,84433.1,-0.3227,0.443,70690.0402,1.0,1.0
2026-09-27,84472.0,-0.3224,0.4358,70744.2097,1.0,1.0
2026-09-28,83500.01,-0.3302,0.4377,70779.3356,1.0,1.0
2026-09-29,83663.66,-0.3289,0.4372,70812.5143,1.0,1.0
2026-09-30,83623.6,-0.3292,0.4221,70846.2145,1.0,1.0
2026-10-01,84880.05,-0.3191,0.4242,70879.6748,1.0,1.0
2026-10-02,84518.01,-0.322,0.4256,70903.7581,1.0,1.0
2026-10-03,84753.56,-0.3201,0.4233,70925.8017,1.0,1.0
2026-10-04,84800.05,-0.3197,0.4199,70957.7621,1.0,1.0
